Global Index,Reality,EyeCon,Familiar,DevScore,OS,SS
0,0,false,true,204,0.18436687894666656,0.2569956292533334
1,0,true,true,40,0.22933200941958035,0.2293235752910345
2,0,true,true,53,0.2662773826696863,0.24294734168989554
3,0,false,true,35,0.27360673254945056,0.32710844960439556
4,0,false,true,34,0.2524397893847681,0.2416624392079472
5,0,true,true,18,0.24101740821333337,0.2654017924095239
6,0,true,true,69,0.2603513528421643,0.28310313876156684
7,0,false,false,51,0.22628052055324693,0.22628673683006548
8,0,false,false,90,0.23670276321637437,0.226566305068421
9,0,true,false,44,0.23674390400279202,0.22535065113088595
10,0,true,false,104,0.22697531356277897,0.22251940283059707
11,0,false,false,41,0.21736936115714295,0.21453480068452685
12,0,false,false,99,0.22451075856914904,0.24167177170962556
13,0,true,false,20,0.2035082242195122,0.25936513380304904
14,0,true,false,19,0.24215415297899143,0.24600976887368434
15,0,false,true,105,0.21444745606332036,0.2417272582980768
16,0,false,true,114,0.2797777143537572,0.24747115911428588
17,0,true,true,56,0.2144025545038168,0.2486999320833333
18,0,true,true,45,0.21658817984848497,0.22437352412085862
19,0,false,true,139,0.2354181134039682,0.23278753399603164
20,0,false,true,99,0.2245723613792453,0.2124094228227488
21,0,true,true,55,0.24872668037037032,0.25975495929378906
22,0,true,true,42,0.24841089076325296,0.23062590738323346
23,0,false,false,74,0.2253233748144443,0.17669090181215463
24,0,false,false,83,0.22553328682758625,0.1868930469735632
25,0,true,false,75,0.2167488854563636,0.23743946163905122
26,0,true,false,45,0.23248387051192443,0.24802906960347001
27,0,false,false,21,0.20913207082947985,0.24078585176395353
28,0,false,false,37,0.17062052485820886,0.25166246677000015
29,0,true,false,28,0.23142653124038468,0.24438398312692305
30,0,true,false,20,0.20747291895854697,0.21995177050213674
31,0,false,true,64,0.2715946768138076,0.2317371106033611
32,0,false,true,201,0.2520576879162995,0.22957544478502193
33,0,true,true,29,0.21742800592045447,0.28829439640229887
34,0,true,true,90,0.22528027938333345,0.2052985928938548
35,0,false,true,17,0.2374124872483659,0.22041056479342122
36,0,false,true,65,0.25113642995309726,0.22265081455132757
37,0,true,true,108,0.19872641735569618,0.2457207391974359
38,0,true,true,28,0.1820717932231482,0.23662285868055563
39,0,false,false,83,0.27960650560150396,0.22848668741353378
40,0,false,false,56,0.2935443402449153,0.22791174453305083
41,0,true,false,161,0.20611851321508362,0.2802115094088396
42,0,true,false,108,0.2139283793333332,0.2869302891618302
43,0,false,false,178,0.22899225807361953,0.18831050215092024
44,0,false,false,52,0.22590483756557383,0.2510025636196722
45,0,true,false,52,0.20625881661399995,0.25538750478989913
46,0,true,false,145,0.18485960594329895,0.2301152869072165
47,0,false,true,157,0.23132282988118513,0.2531983502814814
48,0,false,true,56,0.2778537481371428,0.29608295798571427
49,0,true,true,104,0.2528092831266666,0.23539975349573472
50,0,true,true,35,0.23847018940088113,0.23536096814317184
51,0,false,true,34,0.2292706664371428,0.2601635758965518
52,0,false,true,26,0.24817641073480678,0.22040071122519342
53,0,true,true,48,0.20623375387218187,0.23674405803818185
54,0,true,true,53,0.23272211558616074,0.2133205310357142
55,0,false,false,25,0.26178875301445786,0.2487033411506024
56,0,false,false,112,0.27988914994140623,0.23724697619355478
57,0,true,false,54,0.24807492944684664,0.2583346577511203
58,0,true,false,76,0.2443640304765993,0.23058572647435868
59,0,false,false,40,0.27165356676926716,0.24081071445805677
60,0,false,false,62,0.23946485638352946,0.24025495853364712
61,0,true,false,47,0.2591116623637232,0.23981967536941332
62,0,true,false,49,0.24083268790632595,0.27890957262780497
63,0,true,true,135,0.2821086892394365,0.23146764300915515
64,0,true,true,227,0.25277916176736115,0.23133704830313617
65,0,false,true,74,0.19799389904455955,0.24554336316979167
66,0,false,true,152,0.21074877801517236,0.2904741884444444
67,0,true,true,105,0.2778960974011627,0.22134958143023242
68,0,true,true,53,0.2584079268792857,0.23548692051071438
69,0,false,true,104,0.2506856204387096,0.2753636958322532
70,0,false,true,85,0.21577162379795922,0.3323776777532192
71,0,true,false,120,0.23994762248580254,0.22558566249130446
72,0,true,false,97,0.27255706116580086,0.2523925316017316
73,0,false,false,105,0.2553069345991189,0.20975007051666664
74,0,false,false,142,0.2133419217685186,0.2540580252962964
75,0,true,false,66,0.25842296530346004,0.22101559041176458
76,0,true,false,89,0.2431454638285715,0.22859495304500013
77,0,false,false,28,0.2757998840594592,0.24109218884677416
78,0,false,false,58,0.24021194040645152,0.20669834082451607
79,0,true,true,140,0.2018333996859504,0.27962487612809916
80,0,true,true,191,0.2210491395337986,0.2164948075529458
81,0,false,true,28,0.2497556015198648,0.21018392153291202
82,0,false,true,154,0.19424299495097092,0.21733960655825255
83,0,true,true,20,0.2638173168513514,0.27546965425170084
84,0,true,true,89,0.2206240924427083,0.24203186113541655
85,0,false,true,57,0.29679144025781257,0.27570013675781246
86,0,false,true,37,0.21840181595918373,0.22396798638933332
87,0,true,false,204,0.20118808686312492,0.2049559012037267
88,0,true,false,117,0.27160619076576575,0.24065542969819814
89,0,false,false,11,0.2679824114128333,0.2322932907907991
90,0,false,false,73,0.2741601669648241,0.2092645275525252
91,0,true,false,26,0.2345226494186992,0.29298184067479677
92,0,true,false,49,0.2656108268672986,0.22448204376190473
93,0,false,false,43,0.24993185027724563,0.2194104409580242
94,0,false,false,30,0.2697737995093137,0.25123456287254897
95,0,true,true,146,0.21339178675942858,0.26016938730285727
96,0,true,true,187,0.27612319864550255,0.2390162229603176
97,0,false,true,66,0.2789122338088736,0.2240301249051195
98,0,false,true,4,0.242997657970652,0.23859220293442623
99,0,true,true,28,0.19278404186514622,0.21052278661228058
100,0,true,true,38,0.17823110475806447,0.24969647484552843
101,0,false,true,154,0.21766619325174297,0.23046547490972485
102,0,false,true,102,0.2227909093810219,0.18624823606594199
103,0,true,false,38,0.2523749957176472,0.23912224859693418
104,0,true,false,81,0.24381331048277505,0.22977593041626784
105,0,false,false,97,0.2167312681742628,0.23203551882069898
106,0,false,false,35,0.1543247507821918,0.2983838258972602
107,0,true,false,60,0.266554663772811,0.21164810453410124
108,0,true,false,32,0.24178430808506793,0.18851188161095012
109,0,false,false,54,0.21757086667961165,0.3091762954215685
110,0,false,false,67,0.2442610144129212,0.2328824885084746
111,0,true,true,86,0.21214010879818188,0.24611105079357798
112,0,true,true,7,0.2714730704679876,0.2350977394577642
113,0,false,true,27,0.2522108621059569,0.22651329901428585
114,0,false,true,57,0.2537846800156251,0.2573566795421468
115,0,true,true,24,0.24968480078641134,0.23429717072822306
116,0,true,true,7,0.2614416561097344,0.25049064505265467
117,0,false,true,27,0.23060212927185772,0.20481340175698626
118,0,false,true,38,0.25234802973239445,0.2382386242587413
119,0,true,false,37,0.214115598162406,0.22534495803007515
120,0,true,false,135,0.226387217311111,0.2405000257709498
121,0,false,false,11,0.12888252185000001,0.3323169301475001
122,0,false,false,54,0.21353211533057861,0.22430454050909104
123,0,true,false,25,0.23008949877727294,0.22168573097045172
124,0,true,false,47,0.21546907866242043,0.22918149786178363
125,0,false,false,43,0.23541596143119264,0.20703425869724779
126,0,false,false,19,0.23668899979518712,0.2482894905299467
127,1,false,true,78,0.23561249228826533,0.20739167171724918
0,1,false,true,204,0.18748818873684214,0.32308644078666654
1,1,true,true,40,0.2113381311712329,0.21929135384344833
2,1,true,true,53,0.22281354293867592,0.21252836547386755
3,1,false,true,35,0.2139279727500001,0.30285392501868136
4,1,false,true,34,0.21166564611973684,0.22277765109072856
5,1,true,true,18,0.24574863207766998,0.3291001353714285
6,1,true,true,69,0.2434756865604496,0.24713359774458954
7,1,false,false,51,0.22344281382402603,0.2334343077958825
8,1,false,false,90,0.20697915867663752,0.21108819997017536
9,1,true,false,44,0.20588060219772739,0.20997586398481002
10,1,true,false,104,0.21240730126798987,0.2168834615708955
11,1,false,false,41,0.21705247846893222,0.2641069249108483
12,1,false,false,99,0.21484204292021267,0.24763566609090923
13,1,true,false,20,0.19503274827439027,0.24273036580487783
14,1,true,false,19,0.2021606572441177,0.2184830920138946
15,1,false,true,105,0.2097728632826923,0.243693940625
16,1,false,true,114,0.21533622144885065,0.22857060472000013
17,1,true,true,56,0.19945195449323316,0.2440795031378788
18,1,true,true,45,0.21092818330685273,0.23101338022727264
19,1,false,true,139,0.22020233734359992,0.21956327236111106
20,1,false,true,99,0.24651929858846156,0.25462765923744074
21,1,true,true,55,0.20442119141358014,0.24462939734161498
22,1,true,true,42,0.21546533520783123,0.2398190690538922
23,1,false,false,74,0.19123245687802193,0.19570532419060774
24,1,false,false,83,0.1900524149418605,0.20854281873218392
25,1,true,false,75,0.20718427039781823,0.2450883402664234
26,1,true,false,45,0.1923968676876971,0.22709202310410087
27,1,false,false,21,0.18998012758546515,0.21655589420465116
28,1,false,false,37,0.1721476731079602,0.28175258599999997
29,1,true,false,28,0.16716322603428568,0.23757081224038468
30,1,true,false,20,0.20848172293448275,0.21543367808504285
31,1,false,true,64,0.2432852523395743,0.2510923696718486
32,1,false,true,201,0.20295516967324556,0.20121271228634355
33,1,true,true,29,0.17314441943750003,0.29707236356321826
34,1,true,true,90,0.1918203785061111,0.19329678876703899
35,1,false,true,17,0.2202108100215686,0.2286366905921054
36,1,false,true,65,0.22577691789380527,0.2350108796460178
37,1,true,true,108,0.19166628193717947,0.289584923397436
38,1,true,true,28,0.1797374816666973,0.2277006907301852
39,1,false,false,83,0.24449701848872182,0.22566967426315795
40,1,false,false,56,0.21169626226050425,0.21753444159127117
41,1,true,false,161,0.19616943900549452,0.2312844264379557
42,1,true,false,108,0.17947790265751623,0.25452244649281053
43,1,false,false,178,0.19868172102439022,0.22133310366257655
44,1,false,false,52,0.2360869229593497,0.24597519884344268
45,1,true,false,52,0.2081026885288661,0.294106718530303
46,1,true,false,145,0.20231790712448983,0.23811907125773193
47,1,false,true,157,0.23403312927555553,0.23656576359955556
48,1,false,true,56,0.23344653839436633,0.2459334493
49,1,true,true,104,0.19313534450947878,0.24597093109668247
50,1,true,true,35,0.20299912526359656,0.20943925231541863
51,1,false,true,34,0.1746433624142857,0.2422495946845977
52,1,false,true,26,0.20858559453252878,0.22543649656519327
53,1,true,true,48,0.2063533429463638,0.23056299174545458
54,1,true,true,53,0.1805006899284445,0.2209716334687501
55,1,false,false,25,0.23157670304638558,0.26342508427108424
56,1,false,false,112,0.21287349179880943,0.23642008636640616
57,1,true,false,54,0.1926106524166665,0.22662892519009026
58,1,true,false,76,0.2107488031738575,0.2203818716344322
59,1,false,false,40,0.21412740215296916,0.21573509988578207
60,1,false,false,62,0.21782020499099544,0.22314835855529422
61,1,true,false,47,0.21272927724799978,0.24318713290560007
62,1,true,false,49,0.21952723675498795,0.2657531625860973
63,1,true,true,135,0.213077725885461,0.2236235360200705
64,1,true,true,227,0.21355152053993065,0.24549097404878048
65,1,false,true,74,0.20108978027083338,0.2688534269078126
66,1,false,true,152,0.20560201153793103,0.2711611778194444
67,1,true,true,105,0.20935725381035097,0.2194965496395348
68,1,true,true,53,0.1772111370496454,0.1965610796878571
69,1,false,true,104,0.24917802905551942,0.25433908704545455
70,1,false,true,85,0.20516404889583337,0.36041115312287675
71,1,true,false,120,0.21788283094567898,0.2460836345614908
72,1,true,false,97,0.20130474014692978,0.22989679501483135
73,1,false,false,105,0.2196405296563318,0.21979334322719302
74,1,false,false,142,0.17561164634951462,0.31359707516666663
75,1,true,false,66,0.20740858598862075,0.24035018836505181
76,1,true,false,89,0.20053857573455894,0.24304878607335725
77,1,false,false,28,0.23392150990909105,0.23654341441236562
78,1,false,false,58,0.22343816669867542,0.20578802281612904
79,1,true,true,140,0.21846992493852452,0.3198815796074382
80,1,true,true,191,0.206263461098062,0.21234459787209312
81,1,false,true,28,0.18161997100157665,0.18555013631670456
82,1,false,true,154,0.21202040836231884,0.22500440378592243
83,1,true,true,20,0.23046320248513527,0.27901956959183655
84,1,true,true,89,0.2120237494223959,0.23968423612151046
85,1,false,true,57,0.22259599685312498,0.2344085071875001
86,1,false,true,37,0.193961625655629,0.24679074590200006
87,1,true,false,204,0.20198434094050635,0.21388164215900615
88,1,true,false,117,0.20136978582152465,0.23549286570720718
89,1,false,false,11,0.22688083037896134,0.23308889952217898
90,1,false,false,73,0.2199875584040405,0.2128794574797978
91,1,true,false,26,0.20552360103441294,0.28360751254437394
92,1,true,false,49,0.2380377888829806,0.2436264724354286
93,1,false,false,43,0.20947870517023817,0.21560860183113761
94,1,false,false,30,0.2454512508789218,0.27573704337254895
95,1,true,true,146,0.22960705150568195,0.279410203074286
96,1,true,true,187,0.23042018199526304,0.2346187006455026
97,1,false,true,66,0.19101487786224475,0.21150145133174056
98,1,false,true,4,0.20619601714696129,0.20896159647540974
99,1,true,true,28,0.19922591955058822,0.25341555467619886
100,1,true,true,38,0.20799144165934966,0.2272046498130081
101,1,false,true,154,0.20399261100697247,0.2230585792820368
102,1,false,true,102,0.19868145770218984,0.210302582126087
103,1,true,false,38,0.21126800470518875,0.2304016452268869
104,1,true,false,81,0.2193645546553399,0.23271742755186609
105,1,false,false,97,0.1807779303603219,0.2052961688946239
106,1,false,false,35,0.20100679581944447,0.2918527357383562
107,1,true,false,60,0.23669523855321092,0.24966230267741918
108,1,true,false,32,0.20689647871312222,0.21018767385339365
109,1,false,false,54,0.23992995793203886,0.32378476972352943
110,1,false,false,67,0.22648210368426963,0.2538142107762712
111,1,true,true,86,0.21762095507454565,0.2645873565137614
112,1,true,true,7,0.2103915134901243,0.23643357069565205
113,1,false,true,27,0.2012431480496454,0.23571483875714289
114,1,false,true,57,0.2584727741252604,0.26546754109424076
115,1,true,true,24,0.20926259202604178,0.22661025666202103
116,1,true,true,7,0.2562397183282512,0.26596464476106196
117,1,false,true,27,0.22127298956868113,0.22092070681424655
118,1,false,true,38,0.212819458443662,0.24083352695265722
119,1,true,false,37,0.20118271937313448,0.21064785127669172
120,1,true,false,135,0.1980516784189944,0.22943396886592177
121,1,false,false,11,0.13387180744461538,0.31523538058749995
122,1,false,false,54,0.23293654898290594,0.2756284648991736
123,1,true,false,25,0.21799832252258078,0.2310967931225806
124,1,true,false,47,0.25039409306666655,0.2299703835751592
125,1,false,false,43,0.2371554895660378,0.2671464327431192
126,1,false,false,19,0.22064747935561493,0.25136424851122996
127,2,false,true,78,0.23112451955717947,0.28216673965538475
0,2,false,true,204,0.16962453349999992,0.32613309845333327
1,2,true,true,40,0.20770834622849305,0.22337254771034484
2,2,true,true,53,0.21814334177986106,0.22769843293031353
3,2,false,true,35,0.20322239495274724,0.2970864228571429
4,2,false,true,34,0.21466633139763158,0.229590562523841
5,2,true,true,18,0.2514022988173076,0.32329436620000007
6,2,true,true,69,0.22557173597966407,0.23922057950970158
7,2,false,false,51,0.21518736670596034,0.22421697760784312
8,2,false,false,90,0.20517955804467158,0.2157097100103365
9,2,true,false,44,0.1962881559246074,0.2040933890544303
10,2,true,false,104,0.20892000367880303,0.21721121271965185
11,2,false,false,41,0.22034258541513393,0.24698194443348206
12,2,false,false,99,0.23821513366010647,0.23574277332085566
13,2,true,false,20,0.16795228153333344,0.25854149309573154
14,2,true,false,19,0.2213139411895168,0.22778527137599996
15,2,false,true,105,0.21517812566743297,0.2177905876238461
16,2,false,true,114,0.23893079720344845,0.21195509346857144
17,2,true,true,56,0.20595298104736842,0.2329882850984847
18,2,true,true,45,0.20623543008176767,0.2148266922280301
19,2,false,true,139,0.19598464607312238,0.20920489219166655
20,2,false,true,99,0.21958049674056596,0.24664465549620843
21,2,true,true,55,0.20310149096913582,0.25243779633540364
22,2,true,true,42,0.21508279569047617,0.24951313750898194
23,2,false,false,74,0.20345817137624325,0.18969303827790046
24,2,false,false,83,0.19159440653409085,0.23108205222988498
25,2,true,false,75,0.2037330109379562,0.24588809281277368
26,2,true,false,45,0.19058819689812387,0.23347609810930284
27,2,false,false,21,0.23400586112891558,0.21676929318023258
28,2,false,false,37,0.17283091762786068,0.25456253689499997
29,2,true,false,28,0.22138164475638106,0.2646582506826923
30,2,true,false,20,0.21705302130638293,0.21438400583504272
31,2,false,true,64,0.22827721442969426,0.25058203975
32,2,false,true,201,0.2105497010519825,0.21025649742290742
33,2,true,true,29,0.1678859807267442,0.2970182596643676
34,2,true,true,90,0.19982316664372227,0.2167451002497206
35,2,false,true,17,0.22485900891699345,0.2469233231421052
36,2,false,true,65,0.2262300540175439,0.22116007358761067
37,2,true,true,108,0.2065073838215191,0.22642943842307695
38,2,true,true,28,0.1910565014466513,0.22574441589925928
39,2,false,false,83,0.2005594333432836,0.2282493266757894
40,2,false,false,56,0.21769742016440669,0.21410364864915252
41,2,true,false,161,0.194460056549162,0.2786384318748066
42,2,true,false,108,0.1915540864636363,0.26014659419607855
43,2,false,false,178,0.1849427699695121,0.21485581398098166
44,2,false,false,52,0.21895421738524587,0.22922827303278692
45,2,true,false,52,0.19144541823298972,0.2757280871111113
46,2,true,false,145,0.18575933936632644,0.22721327603092792
47,2,false,true,157,0.20271005939644446,0.27482521214814803
48,2,false,true,56,0.24466828761884066,0.26652402685714277
49,2,true,true,104,0.18859214433301888,0.2320591521943129
50,2,true,true,35,0.19853580860146014,0.21129355820264314
51,2,false,true,34,0.1805861670697143,0.2506884870873563
52,2,false,true,26,0.20116828386703295,0.2095793232119338
53,2,true,true,48,0.20574816082315314,0.2249351461818183
54,2,true,true,53,0.17752340097191116,0.20924652368258925
55,2,false,false,25,0.24751215214790415,0.24610841451807222
56,2,false,false,112,0.20671394027799997,0.23042526098828123
57,2,true,false,54,0.186838099057229,0.21600612508378372
58,2,true,false,76,0.20559119349669724,0.209207686484066
59,2,false,false,40,0.20576383278936175,0.22104120710244074
60,2,false,false,62,0.21349357004787717,0.22075772595145884
61,2,true,false,47,0.22091857993866676,0.23618933474213324
62,2,true,false,49,0.2244771129060829,0.26932172134975624
63,2,true,true,135,0.20847829132280696,0.2066504173536266
64,2,true,true,227,0.21049723881597224,0.240343317084669
65,2,false,true,74,0.2092638325796875,0.26497122812656265
66,2,false,true,152,0.22031509861702137,0.25776860736111107
67,2,true,true,105,0.19729912664739888,0.24546495081802305
68,2,true,true,53,0.17478292680362323,0.1865913897857142
69,2,false,true,104,0.25275355466258076,0.24709930935822724
70,2,false,true,85,0.21208028112486302,0.31268409264705493
71,2,true,false,120,0.21058890459177218,0.257323949062112
72,2,true,false,97,0.2256071825464223,0.20387581692348913
73,2,false,false,105,0.21304372201541844,0.2412053548521931
74,2,false,false,142,0.21320137196330272,0.2920688436203705
75,2,true,false,66,0.22340637039655167,0.25931263586387543
76,2,true,false,89,0.2134604096425532,0.23567150897714295
77,2,false,false,28,0.2335600163224043,0.2560778675833334
78,2,false,false,58,0.22528731297115373,0.23197282090967725
79,2,true,true,140,0.2262651578409836,0.2740361034710743
80,2,true,true,191,0.1965521116088803,0.21027291568604656
81,2,false,true,28,0.18625856013063086,0.18862738510106078
82,2,false,true,154,0.23935107258786414,0.2186197838757282
83,2,true,true,20,0.24603547250340133,0.26141088581632654
84,2,true,true,89,0.20417375378238356,0.23470198554687502
85,2,false,true,57,0.2216741673565891,0.2447052592812501
86,2,false,true,37,0.215820583024,0.24886898153266665
87,2,true,false,204,0.18843173609259242,0.22021874439192543
88,2,true,false,117,0.2094084596556621,0.2472409003351353
89,2,false,false,11,0.23875493298067638,0.2426249890774819
90,2,false,false,73,0.21148951791809048,0.2116481443526767
91,2,true,false,26,0.21407846678137643,0.28447651897439
92,2,true,false,49,0.23737404407211543,0.25262785360952394
93,2,false,false,43,0.2018302007648503,0.19936908928562871
94,2,false,false,30,0.2607091849166667,0.2719204462107844
95,2,true,true,146,0.20670702657613643,0.2668780720228573
96,2,true,true,187,0.20681750735978838,0.23292419771428594
97,2,false,true,66,0.18135223841802714,0.20295653092832777
98,2,false,true,4,0.22793888146022095,0.21989802963387975
99,2,true,true,28,0.18964335160813958,0.24654262356725165
100,2,true,true,38,0.1986090986829268,0.21729418540040654
101,2,false,true,154,0.20427274044788207,0.21703499566495432
102,2,false,true,102,0.22172328714388495,0.22569609885144928
103,2,true,false,38,0.22393300006188235,0.2254475681724058
104,2,true,false,81,0.23754749672857142,0.24003800694545466
105,2,false,false,97,0.18599480163324408,0.21130490498575266
106,2,false,false,35,0.1791578262682758,0.26703501619862996
107,2,true,false,60,0.23790421569444434,0.2513861739972349
108,2,true,false,32,0.20574206282486493,0.21235088591855195
109,2,false,false,54,0.2516805750196079,0.3577686398529409
110,2,false,false,67,0.2107534196405714,0.22768030059378536
111,2,true,true,86,0.2103192195046729,0.22387558778899083
112,2,true,true,7,0.2024409122268323,0.2172704545316768
113,2,false,true,27,0.22630768992142863,0.21027268361857146
114,2,false,true,57,0.2357486401354166,0.2627411560811517
115,2,true,true,24,0.19310381348472205,0.21814117861533133
116,2,true,true,7,0.2558951116885461,0.2670041335017698
117,2,false,true,27,0.22346880306338793,0.22706728181386313
118,2,false,true,38,0.2048496576223776,0.24939338158041954
119,2,true,false,37,0.18363673361268662,0.2043777144887219
120,2,true,false,135,0.23083505880833338,0.23560294044134078
121,2,false,false,11,0.12956899492682925,0.4237213644125001
122,2,false,false,54,0.20911463534453784,0.2993467762190081
123,2,true,false,25,0.21234229113354833,0.26663909207096775
124,2,true,false,47,0.239076175364762,0.24903224724152861
125,2,false,false,43,0.24853628860909088,0.2754970648348624
126,2,false,false,19,0.22780242645621618,0.27575253317754006
127,3,false,true,78,0.22086771994387744,0.23197646739435898
0,3,false,true,204,0.16528031665789472,0.27947993337333327
1,3,true,true,40,0.20391101484315063,0.20837670185793095
2,3,true,true,53,0.21913923878715272,0.2121575460146342
3,3,false,true,35,0.26111249894175814,0.28122396938461525
4,3,false,true,34,0.21222702767828952,0.23230146976622518
5,3,true,true,18,0.20876862628571433,0.3090687940666667
6,3,true,true,69,0.21824408543122673,0.22423145522611934
7,3,false,false,51,0.194829523535065,0.22280371475163402
8,3,false,false,90,0.21069478830850435,0.21334141389283637
9,3,true,false,44,0.20255588056313115,0.2056640059103797
10,3,true,false,104,0.20533740691959793,0.21633309032935333
11,3,false,false,41,0.19617295124903142,0.2599237430924106
12,3,false,false,99,0.22947127434946807,0.26404812968449204
13,3,true,false,20,0.19435511183030307,0.2390413236829269
14,3,true,false,19,0.21161345632647066,0.2253791129950103
15,3,false,true,105,0.20738039354218743,0.23909227385765378
16,3,false,true,114,0.21739755278693176,0.24146361081134277
17,3,true,true,56,0.2121201824406015,0.24966186338787885
18,3,true,true,45,0.21648187732160812,0.22866421887222202
19,3,false,true,139,0.21612685252273808,0.21508509938095224
20,3,false,true,99,0.227529220027619,0.24238124576066342
21,3,true,true,55,0.20050227016583852,0.24211972266459628
22,3,true,true,42,0.23793478854819272,0.23970235210658683
23,3,false,false,74,0.18679204480505615,0.20928623560552478
24,3,false,false,83,0.2184298149277109,0.2585154335172414
25,3,true,false,75,0.21585229753745458,0.25617354564416056
26,3,true,false,45,0.2033844840719139,0.23222353454668743
27,3,false,false,21,0.24316284168612706,0.24156492444941852
28,3,false,false,37,0.1764071210904522,0.25701628702900003
29,3,true,false,28,0.20967438718846157,0.2355833225769231
30,3,true,false,20,0.2078243444952992,0.20835944842649576
31,3,false,true,64,0.2231875953,0.25308737385336133
32,3,false,true,201,0.21032356463219284,0.20441301967136571
33,3,true,true,29,0.17287460906250002,0.25379545691954025
34,3,true,true,90,0.19663853829166658,0.2255176786927374
35,3,false,true,17,0.23702262487777784,0.2263328414671053
36,3,false,true,65,0.22230207770796462,0.25968965656194704
37,3,true,true,108,0.168264433498718,0.2656620889038461
38,3,true,true,28,0.17346272667270005,0.22914491736074075
39,3,false,false,83,0.2096821077985075,0.22987032279699252
40,3,false,false,56,0.21452894060252095,0.2686231504398306
41,3,true,false,161,0.19233046104316662,0.23931905497237577
42,3,true,false,108,0.18706044587320256,0.2665958232398693
43,3,false,false,178,0.1945280327345625,0.20106117430490797
44,3,false,false,52,0.2210957055,0.21537787556475416
45,3,true,false,52,0.18968739566499998,0.27757230222222223
46,3,true,false,145,0.14716842256632648,0.21760889886597934
47,3,false,true,157,0.23166365010455875,0.2613972021303703
48,3,false,true,56,0.2302378130171428,0.26033441425714293
49,3,true,true,104,0.20545057672169806,0.22050016191469193
50,3,true,true,35,0.2148350044192983,0.23586160245814985
51,3,false,true,34,0.17112685656857143,0.24434124248591943
52,3,false,true,26,0.2014674321296704,0.23065654375944755
53,3,true,true,48,0.204486865947909,0.2508122560118182
54,3,true,true,53,0.19081453731066667,0.22315173090848212
55,3,false,false,25,0.23376559302994024,0.2563590665421685
56,3,false,false,112,0.21371543573657564,0.23906528214160153
57,3,true,false,54,0.19558837876586807,0.2297000439306309
58,3,true,false,76,0.2245752470862384,0.2230139401648353
59,3,false,false,40,0.21422035411891266,0.2230678580846921
60,3,false,false,62,0.2065418943375586,0.23268330280117638
61,3,true,false,47,0.23637841215957445,0.23401481555048004
62,3,true,false,49,0.21537905945790778,0.2779609411585366
63,3,true,true,135,0.21330325185992904,0.2157482237852113
64,3,true,true,227,0.21083563817465292,0.21959780631951226
65,3,false,true,74,0.21670271465595836,0.24640341209166658
66,3,false,true,152,0.21714538132727285,0.265277883236111
67,3,true,true,105,0.2209748297034682,0.22328828394476738
68,3,true,true,53,0.18272911010354617,0.21889025031642861
69,3,false,true,104,0.2735059818035484,0.24955667007792207
70,3,false,true,85,0.20063317491616425,0.30901731635616453
71,3,true,false,120,0.22252889107716053,0.2545679537105589
72,3,true,false,97,0.19093401369610394,0.20756952601428572
73,3,false,false,105,0.2383507550742358,0.2279720007530702
74,3,false,false,142,0.1971407482752294,0.2922351174907407
75,3,true,false,66,0.21294480587578946,0.24891741999700684
76,3,true,false,89,0.24583180479420275,0.21249169858285705
77,3,false,false,28,0.24108020773582892,0.2390498425924731
78,3,false,false,58,0.2235871249346405,0.23687120939741937
79,3,true,true,140,0.22592133924083327,0.2803483652727273
80,3,true,true,191,0.19002843878476555,0.2153173577437982
81,3,false,true,28,0.1824908397907031,0.19071309950810386
82,3,false,true,154,0.20660857643689315,0.23228833626407772
83,3,true,true,20,0.27300117035616434,0.2655351540408163
84,3,true,true,89,0.2016583512953368,0.24905037810260425
85,3,false,true,57,0.2016885053604651,0.2512483328906251
86,3,false,true,37,0.20989191254630873,0.2522570648453333
87,3,true,false,204,0.2259508674563291,0.23640351404347834
88,3,true,false,117,0.22015881300448428,0.23031819094144138
89,3,false,false,11,0.23503315979958836,0.23744483731652327
90,3,false,false,73,0.21630414382914576,0.2426335530050504
91,3,true,false,26,0.24465418647418047,0.2688447201707317
92,3,true,false,49,0.23816755444497603,0.25801211787619055
93,3,false,false,43,0.20453832006506026,0.23091662579820352
94,3,false,false,30,0.2657169509573531,0.26835747015686257
95,3,true,true,146,0.2060018128585227,0.2335100374114285
96,3,true,true,187,0.21882261329000002,0.2331733213968253
97,3,false,true,66,0.18821745068972615,0.20667185016791834
98,3,false,true,4,0.20538566641573033,0.22601271494043715
99,3,true,true,28,0.21198508127093021,0.24070875487099438
100,3,true,true,38,0.17938340093548386,0.22026546609756106
101,3,false,true,154,0.20875432748360945,0.21807233317449523
102,3,false,true,102,0.2368641751773723,0.21216370247101451
103,3,true,false,38,0.21484090062682376,0.21230490979268885
104,3,true,false,81,0.2185783415695239,0.24609318499712918
105,3,false,false,97,0.20122908371957107,0.21904516742688165
106,3,false,false,35,0.16290186052108843,0.2546628749006848
107,3,true,false,60,0.23720875642201839,0.2575544531589861
108,3,true,false,32,0.1994882581797272,0.20144825346606338
109,3,false,false,54,0.23895330868088224,0.3087690677156862
110,3,false,false,67,0.21345081058707868,0.22852463268926554
111,3,true,true,86,0.21637857076788986,0.25205239932229356
112,3,true,true,7,0.21863685221316587,0.21938852834751538
113,3,false,true,27,0.1889376919836428,0.22952958560928574
114,3,false,true,57,0.23031152013457454,0.27164632058376964
115,3,true,true,24,0.19697216513902432,0.21161884584111487
116,3,true,true,7,0.2447317455057269,0.26629331956902647
117,3,false,true,27,0.22748064981311455,0.2278327398794518
118,3,false,true,38,0.19385771524305556,0.25581188989790205
119,3,true,false,37,0.2458113708692308,0.19855355602105257
120,3,true,false,135,0.1970370124605556,0.25116963170670387
121,3,false,false,11,0.12345758590243902,0.347545231375
122,3,false,false,54,0.21031159068032781,0.27112888626859505
123,3,true,false,25,0.20572733772077914,0.23459828683225797
124,3,true,false,47,0.23895366530031756,0.23200965184076455
125,3,false,false,43,0.23056146100925923,0.29974062424770637
126,3,false,false,19,0.21301820113776604,0.23969347284705883
127,4,false,true,78,0.20640745604285712,0.24690370457212124
0,4,false,true,204,0.1862824730526316,0.2996881739026667
1,4,true,true,40,0.20309709427655162,0.21769664504137928
2,4,true,true,53,0.23361397575958184,0.22304252821428547
3,4,false,true,35,0.2682576363152174,0.2883312074505494
4,4,false,true,34,0.20821760234793085,0.2363402085701988
5,4,true,true,18,0.21968727590095224,0.2594398857714287
6,4,true,true,69,0.22722357618134315,0.24812902515783591
7,4,false,false,51,0.22892958117320267,0.22137206326143805
8,4,false,false,90,0.20527282480804074,0.20373323961461995
9,4,true,false,44,0.18244682165984843,0.20910214412683525
10,4,true,false,104,0.22106994943250632,0.22022318532089544
11,4,false,false,41,0.20703081117738392,0.23996512175446424
12,4,false,false,99,0.21370684606117005,0.2606285774866308
13,4,true,false,20,0.18118684995061737,0.24696560453048788
14,4,true,false,19,0.21104036005253154,0.22075037421229474
15,4,false,true,105,0.21359851649073353,0.23042683982192322
16,4,false,true,114,0.21121228280971435,0.22714381187657157
17,4,true,true,56,0.1927860258646616,0.25293325971969693
18,4,true,true,45,0.1976829860176767,0.2550336872262625
19,4,false,true,139,0.21039100015139436,0.215719435545635
20,4,false,true,99,0.2257876554886792,0.24589749626540286
21,4,true,true,55,0.2056836761925466,0.23752322152422353
22,4,true,true,42,0.2223165564625,0.23031979019461066
23,4,false,false,74,0.2037046788351954,0.1960449160900552
24,4,false,false,83,0.19517516942045451,0.22292042475862064
25,4,true,false,75,0.2031201545328466,0.24731640004817532
26,4,true,false,45,0.19328764699845602,0.23561716890630918
27,4,false,false,21,0.21446903302543344,0.2295147387802325
28,4,false,false,37,0.18535912552499995,0.29896124392999973
29,4,true,false,28,0.17593666971047625,0.23761680618750006
30,4,true,false,20,0.20794509975829784,0.19578300103290586
31,4,false,true,64,0.26432799094747894,0.259586802592437
32,4,false,true,201,0.17494559295271925,0.21406326368722467
33,4,true,true,29,0.17725094389772728,0.27951136916091945
34,4,true,true,90,0.19282103831388892,0.205316039611173
35,4,false,true,17,0.2304804983464053,0.22462111317105252
36,4,false,true,65,0.2300024528818181,0.2474108639823009
37,4,true,true,108,0.17833186541772156,0.22706135045384626
38,4,true,true,28,0.1632330295433485,0.22620749797074075
39,4,false,false,83,0.21454208341666672,0.2241151304235338
40,4,false,false,56,0.22913411836440675,0.23577937237288135
41,4,true,false,161,0.19976086439747248,0.2654593684640886
42,4,true,false,108,0.20398022655490194,0.2579678900274511
43,4,false,false,178,0.17847329107378057,0.2045952346539877
44,4,false,false,52,0.19245811106611574,0.2258409037770493
45,4,true,false,52,0.2518190616808081,0.26369583782121214
46,4,true,false,145,0.17371774572448984,0.22974786629896915
47,4,false,true,157,0.2031807922548147,0.26516843226666675
48,4,false,true,56,0.23441404693943663,0.29890153625714283
49,4,true,true,104,0.18200957991196165,0.21254199923507103
50,4,true,true,35,0.19107658122422908,0.212059446990749
51,4,false,true,34,0.17614678653908042,0.23832918314482762
52,4,false,true,26,0.21616551972857148,0.2285419202243094
53,4,true,true,48,0.19105500126636357,0.2498734894181818
54,4,true,true,53,0.18650195591071445,0.22339123552500006
55,4,false,false,25,0.23158457842514973,0.2530547617469879
56,4,false,false,112,0.20469390693435807,0.25540035749550766
57,4,true,false,54,0.2046604833158684,0.22314202341591602
58,4,true,false,76,0.20700082903284417,0.22484202021318672
59,4,false,false,40,0.2119326136078014,0.22858269678554516
60,4,false,false,62,0.2061345126376471,0.22447410389905872
61,4,true,false,47,0.22332428738563825,0.23964608997573317
62,4,true,false,49,0.22546097836585396,0.27590742605902446
63,4,true,true,135,0.2071105738487632,0.21771070698591544
64,4,true,true,227,0.1887952321003485,0.24154143425226482
65,4,false,true,74,0.2099735411834376,0.2604778765729167
66,4,false,true,152,0.1998067812689655,0.26209047380208333
67,4,true,true,105,0.20906223059064336,0.2311815902034883
68,4,true,true,53,0.18630247128057548,0.18941406709571443
69,4,false,true,104,0.25511631955483866,0.24599866833874676
70,4,false,true,85,0.2078362787751021,0.3187797441150685
71,4,true,false,120,0.23298506137267092,0.26064600096894414
72,4,true,false,97,0.20072251956081238,0.22861434572028566
73,4,false,false,105,0.21888246670877204,0.22616907822324547
74,4,false,false,142,0.21268089638095247,0.2915283820953703
75,4,true,false,66,0.2092619781393103,0.2286654183013842
76,4,true,false,89,0.2527080019735714,0.22667719799499997
77,4,false,false,28,0.21727388166648656,0.2938214675134406
78,4,false,false,58,0.19388654700653585,0.25842071293419355
79,4,true,true,140,0.22338217796749998,0.28216517773578514
80,4,true,true,191,0.2067871706166022,0.20174272259089143
81,4,false,true,28,0.19225335987918749,0.18168653534853266
82,4,false,true,154,0.22359529816080387,0.21978509710922337
83,4,true,true,20,0.23702721293243248,0.2667567331632653
84,4,true,true,89,0.19652300992227986,0.2329629917739584
85,4,false,true,57,0.2120581954906249,0.24407234494531244
86,4,false,true,37,0.22583685563265296,0.2511135290966668
87,4,true,false,204,0.18482023716707008,0.20872350916434776
88,4,true,false,117,0.2110172882310811,0.21766235518918925
89,4,false,false,11,0.23667077588574867,0.23562683043656177
90,4,false,false,73,0.23500329722222194,0.22969889668383836
91,4,true,false,26,0.22915906193724692,0.27690542003658536
92,4,true,false,49,0.21813655460096149,0.24094493829523833
93,4,false,false,43,0.21787017334545444,0.22567926964491017
94,4,false,false,30,0.27579776462439043,0.26613256435784316
95,4,true,true,146,0.21269754722658962,0.2592398711234286
96,4,true,true,187,0.20503448002659588,0.21851721484920641
97,4,false,true,66,0.1863977987075084,0.19653586686006835
98,4,false,true,4,0.20885596931630432,0.20662878740819662
99,4,true,true,28,0.18163172386453497,0.2394423909064329
100,4,true,true,38,0.1997385376699187,0.22136074121951216
101,4,false,true,154,0.21362970295879127,0.2354317708739451
102,4,false,true,102,0.20572064078175187,0.21834468160869572
103,4,true,false,38,0.2133900085178572,0.220935338725
104,4,true,false,81,0.2078657715028572,0.2272135867320575
105,4,false,false,97,0.19019720011635372,0.2065150685115591
106,4,false,false,35,0.18533725179115632,0.2569732859931507
107,4,true,false,60,0.2488215083165135,0.2506631247149769
108,4,true,false,32,0.21766437460727267,0.2209198436911764
109,4,false,false,54,0.2323956620825242,0.26908258184313727
110,4,false,false,67,0.20873736801516868,0.23969616039548022
111,4,true,true,86,0.17811452572477052,0.27399000210550456
112,4,true,true,7,0.22610746309285729,0.21535236982677006
113,4,false,true,27,0.21859191254714302,0.24613158418571426
114,4,false,true,57,0.25503580870833337,0.2562534146125654
115,4,true,true,24,0.19409316604930568,0.20849019490069673
116,4,true,true,7,0.26049600312643173,0.2668967251305309
117,4,false,true,27,0.206103613509589,0.23015580050767107
118,4,false,true,38,0.2100594287465278,0.23753851698251743
119,4,true,false,37,0.18370258723969474,0.2118228861954888
120,4,true,false,135,0.20693211649162016,0.25369185421899454
121,4,false,false,11,0.14966659728205128,0.25481596884749996
122,4,false,false,54,0.20415706251639346,0.3097111410206612
123,4,true,false,25,0.20173823205128205,0.25145221023561287
124,4,true,false,47,0.237256938633758,0.2344211873079617
125,4,false,false,43,0.25498694553636364,0.269972988055046
126,4,false,false,19,0.20992165823945957,0.2599280150973263
127,5,false,true,78,0.2180258119346939,0.23811077736083905
0,5,false,true,204,0.1595041784078948,0.33771664436
1,5,true,true,40,0.20081650734520554,0.24195968545517255
2,5,true,true,53,0.21981210585470373,0.22039907940940784
3,5,false,true,35,0.22836577222826082,0.2839888854835164
4,5,false,true,34,0.22467451975578234,0.24213260715894033
5,5,true,true,18,0.24407114766190477,0.27501436956190467
6,5,true,true,69,0.22560470552631978,0.2477592722985075
7,5,false,false,51,0.2236631952039474,0.2250374506732027
8,5,false,false,90,0.20777744926686195,0.2051622005086256
9,5,true,false,44,0.20445725952050628,0.21425234632329096
10,5,true,false,104,0.21489826043781105,0.21065739369141787
11,5,false,false,41,0.2186712944254464,0.2535759084912054
12,5,false,false,99,0.2349226142063829,0.23740254168983954
13,5,true,false,20,0.18191412083030326,0.28537603229268277
14,5,true,false,19,0.20769033111761612,0.22676421954168396
15,5,false,true,105,0.21083027393333317,0.2342362877596155
16,5,false,true,114,0.20750309886363638,0.23563212663257152
17,5,true,true,56,0.19308317922727275,0.2588247540605183
18,5,true,true,45,0.21147622188743725,0.23589130308282824
19,5,false,true,139,0.21327208654347812,0.20684926172619045
20,5,false,true,99,0.22345996339056598,0.2426375076966824
21,5,true,true,55,0.19895892803395065,0.22453056755900622
22,5,true,true,42,0.22262878738928582,0.2443687767724552
23,5,false,false,74,0.20351760979222222,0.18210653455414372
24,5,false,false,83,0.16976046787500002,0.2552709550425288
25,5,true,false,75,0.20072218333818181,0.2552793549794161
26,5,true,false,45,0.19868831592138364,0.22776152510094635
27,5,false,false,21,0.20482744307209302,0.21050660025813944
28,5,false,false,37,0.17467503666999995,0.26869750066249987
29,5,true,false,28,0.1914815236176471,0.23547307217884614
30,5,true,false,20,0.2001876613927661,0.20366831640213678
31,5,false,true,64,0.2357668929535565,0.24872341411932766
32,5,false,true,201,0.19941304013421046,0.20548914314361216
33,5,true,true,29,0.187098518634091,0.27849858812643674
34,5,true,true,90,0.1949211389683616,0.21195329266480448
35,5,false,true,17,0.22601867850980395,0.25670830933289474
36,5,false,true,65,0.21354337916666669,0.2387553510893805
37,5,true,true,108,0.17658100911666672,0.24907372587820512
38,5,true,true,28,0.1717257400508256,0.2470480043796296
39,5,false,false,83,0.21886043388805965,0.2351313981889473
40,5,false,false,56,0.21675132192627117,0.2108996325110169
41,5,true,false,161,0.20043802700111116,0.23655154435580109
42,5,true,false,108,0.19070422880779228,0.2771953341895426
43,5,false,false,178,0.19456936053105592,0.23113181351533751
44,5,false,false,52,0.18738940260491807,0.2601745757024591
45,5,true,false,52,0.251512679805102,0.27680416498989896
46,5,true,false,145,0.1916949211680769,0.23720518029381432
47,5,false,true,157,0.2230650140814816,0.29866715873777794
48,5,false,true,56,0.21025909179328572,0.2758561297142857
49,5,true,true,104,0.1934029802047619,0.21313966286350708
50,5,true,true,35,0.20119035184254386,0.22414382905462563
51,5,false,true,34,0.17574226821331437,0.2428580093505746
52,5,false,true,26,0.2168176325511111,0.21671535617823215
53,5,true,true,48,0.18411423304774782,0.2172053901072728
54,5,true,true,53,0.20066894494615395,0.22519717470937514
55,5,false,false,25,0.22647794090963844,0.23682307022891558
56,5,false,false,112,0.2099096487121569,0.22266114630585931
57,5,true,false,54,0.18994138576576577,0.22220549159939937
58,5,true,false,76,0.2139648063674589,0.2257677266710625
59,5,false,false,40,0.21491420227990538,0.22102452684786725
60,5,false,false,62,0.20771557990974132,0.22017385436823575
61,5,true,false,47,0.22662940203574478,0.2483480280853336
62,5,true,false,49,0.19203071910975616,0.2804199775536586
63,5,true,true,135,0.20085848515985918,0.21559566726021118
64,5,true,true,227,0.21213070791562513,0.22366412896864124
65,5,false,true,74,0.19040259279119173,0.2604591760505209
66,5,false,true,152,0.20734357811724136,0.2995375930208335
67,5,true,true,105,0.2116287667668605,0.23882386304069764
68,5,true,true,53,0.186195786232624,0.20491810235714292
69,5,false,true,104,0.26366604082549006,0.2625415410426429
70,5,false,true,85,0.2064616155,0.3099903722282876
71,5,true,false,120,0.22813244995249993,0.24934235368757773
72,5,true,false,97,0.22027074117112053,0.21913164627578366
73,5,false,false,105,0.22033662762532746,0.22292721274473684
74,5,false,false,142,0.20603873718348636,0.29982317672222214
75,5,true,false,66,0.22647014724310346,0.2306219552733565
76,5,true,false,89,0.21812444784397178,0.22757372797142858
77,5,false,false,28,0.22729046509893044,0.2560504141612903
78,5,false,false,58,0.19849423817756412,0.22870209847225806
79,5,true,true,140,0.23834728697916663,0.2954610707272726
80,5,true,true,191,0.18989912981782958,0.19447927457054254
81,5,false,true,28,0.19416134318319797,0.19260379445523682
82,5,false,true,154,0.21932532399754917,0.22618741550000007
83,5,true,true,20,0.23825342947445258,0.26431734306802707
84,5,true,true,89,0.2064664208542106,0.25841439979791664
85,5,false,true,57,0.2508063217984496,0.24116530931250005
86,5,false,true,37,0.212441213818,0.24596052604666652
87,5,true,false,204,0.19526945063271603,0.19531145048509319
88,5,true,false,117,0.2151849695605381,0.24578970300450445
89,5,false,false,11,0.24637985271862314,0.2410203494380145
90,5,false,false,73,0.20272669010858596,0.2296367467979798
91,5,true,false,26,0.2274658155183674,0.2829696664674796
92,5,true,false,49,0.24060223913127962,0.2345941067190476
93,5,false,false,43,0.20754484229761896,0.22350882186227536
94,5,false,false,30,0.24210181197561,0.24781522274264697
95,5,true,true,146,0.18889057819318172,0.25906289932000015
96,5,true,true,187,0.19911169487301583,0.23405002597142868
97,5,false,true,66,0.18960147607986355,0.18928400967337897
98,5,false,true,4,0.23485811229456524,0.2042912623622951
99,5,true,true,28,0.17852355814470586,0.274701452097076
100,5,true,true,38,0.21012430525322576,0.24233567956910565
101,5,false,true,154,0.19752497565860555,0.22613201721724782
102,5,false,true,102,0.21035468699999996,0.21866295410869574
103,5,true,false,38,0.20302761545999995,0.22848695319693388
104,5,true,false,81,0.19675999485666665,0.24863045847559792
105,5,false,false,97,0.18735128224155492,0.20984609214220434
106,5,false,false,35,0.16818283066438344,0.2704379779589042
107,5,true,false,60,0.2384159260486237,0.25001016930276476
108,5,true,false,32,0.20662519126375564,0.21046836182262454
109,5,false,false,54,0.2072516527572814,0.3147980236372548
110,5,false,false,67,0.2328138546853932,0.24155623639943516
111,5,true,true,86,0.2152176492590909,0.2237485101880734
112,5,true,true,7,0.2154564580297833,0.2358465787846584
113,5,false,true,27,0.208812646910145,0.2502055675214286
114,5,false,true,57,0.2355805625416666,0.2630438873167538
115,5,true,true,24,0.18508081595944056,0.2020063692320557
116,5,true,true,7,0.27264910236343604,0.2632809810796459
117,5,false,true,27,0.20891300542301366,0.21954208379726015
118,5,false,true,38,0.22055866785138878,0.23287676910209795
119,5,true,false,37,0.2099225409514925,0.21268406594511277
120,5,true,false,135,0.2378172090583333,0.2263997969617318
121,5,false,false,11,0.12035144199589738,0.3515024956500001
122,5,false,false,54,0.1999025545106557,0.2837108658297521
123,5,true,false,25,0.2074336209896733,0.23710694738000002
124,5,true,false,47,0.23912042454507956,0.2683769666590254
125,5,false,false,43,0.23057687881818176,0.2732251042522936
126,5,false,false,19,0.23508059257872355,0.2553810082032085
127,6,false,true,78,0.21636478318571403,0.24050470784000028
0,6,false,true,204,0.15751906060131576,0.34724947067599987
1,6,true,true,40,0.2236566373116439,0.2104465154172413
2,6,true,true,53,0.23738530032482513,0.22935716371010448
3,6,false,true,35,0.2870397676739131,0.26758790622747264
4,6,false,true,34,0.19709709796384114,0.2228598816556291
5,6,true,true,18,0.22685169363428578,0.3420630062666667
6,6,true,true,69,0.2103483776753731,0.24894204715597013
7,6,false,false,51,0.22480901978366027,0.24715374566470596
8,6,false,false,90,0.20321634355535756,0.20870838066988304
9,6,true,false,44,0.21701713678270199,0.21047151925848126
10,6,true,false,104,0.2128861645199501,0.21777659537761201
11,6,false,false,41,0.20380970371390134,0.23910798902602678
12,6,false,false,99,0.2266976675935134,0.24546390396791448
13,6,true,false,20,0.20119061750727266,0.25958453803963416
14,6,true,false,19,0.21215554859782687,0.22727234453473683
15,6,false,true,105,0.19712286944346155,0.227406741969231
16,6,false,true,114,0.21588843693160914,0.22275193667771417
17,6,true,true,56,0.22115718837368414,0.2277242043560606
18,6,true,true,45,0.21229476825477392,0.23668728381313126
19,6,false,true,139,0.19758003020553352,0.2084108431369049
20,6,false,true,99,0.22373206370673066,0.2559454351327013
21,6,true,true,55,0.20164297101863357,0.21568589431925475
22,6,true,true,42,0.23162053753676648,0.2612337264910179
23,6,false,false,74,0.20438827240109894,0.21587428915911613
24,6,false,false,83,0.19123145771136363,0.22726374124137938
25,6,true,false,75,0.2004066642390511,0.2616872360242337
26,6,true,false,45,0.20501903130707938,0.23172839231135642
27,6,false,false,21,0.22053393702325585,0.22135014557674415
28,6,false,false,37,0.16746637041400012,0.2439188828999999
29,6,true,false,28,0.21301635676190475,0.24981253031057687
30,6,true,false,20,0.1944606956396553,0.20132916328418798
31,6,false,true,64,0.2794989499380752,0.2777702069915966
32,6,false,true,201,0.19022381348934211,0.1968846830572688
33,6,true,true,29,0.17290888419540232,0.29180659243678153
34,6,true,true,90,0.19071986275,0.21702580883798883
35,6,false,true,17,0.19732154071409394,0.23584934456776308
36,6,false,true,65,0.22091097767543855,0.2350559382070797
37,6,true,true,108,0.1954955063136987,0.2700946785512821
38,6,true,true,28,0.16373803907220183,0.23658181631351852
39,6,false,false,83,0.21728589833582088,0.21428373250375932
40,6,false,false,56,0.21350729230172416,0.21722876972627117
41,6,true,false,161,0.18100936455248623,0.2568085609337016
42,6,true,false,108,0.18209126759539473,0.2465000253117647
43,6,false,false,178,0.19743486795670728,0.2416786606717792
44,6,false,false,52,0.20273522881219497,0.22204687553196714
45,6,true,false,52,0.2549534659484848,0.31518183135959604
46,6,true,false,145,0.19411659458877562,0.19023031228865978
47,6,false,true,157,0.21215465746666665,0.26405552046666664
48,6,false,true,56,0.23429841001449273,0.28392929793571425
49,6,true,true,104,0.18565523683412313,0.19543959177412332
50,6,true,true,35,0.20525010217295173,0.21428256515859023
51,6,false,true,34,0.18572425111028562,0.24709104634712642
52,6,false,true,26,0.22293995591318697,0.21070645982629843
53,6,true,true,48,0.22184228189189206,0.22854614213363644
54,6,true,true,53,0.20555549531555556,0.2199096992129465
55,6,false,false,25,0.21483561094131742,0.2620323283765061
56,6,false,false,112,0.2061328051766537,0.2635833602041017
57,6,true,false,54,0.19560309011713484,0.2088760083318318
58,6,true,false,76,0.20712742808610615,0.21661924560703297
59,6,false,false,40,0.21752801648127967,0.217567576521872
60,6,false,false,62,0.2172850445561952,0.2250018437388235
61,6,true,false,47,0.22358360975002672,0.24786149748746655
62,6,true,false,49,0.22447321705867995,0.27169199021512214
63,6,true,true,135,0.2215084390782142,0.23904638782887327
64,6,true,true,227,0.20526012693898613,0.21738317289721254
65,6,false,true,74,0.22439094639689114,0.24914295998229163
66,6,false,true,152,0.21211869465972222,0.26211869267361126
67,6,true,true,105,0.23258701354161848,0.24294648940813948
68,6,true,true,53,0.1646190668858696,0.21124482368928557
69,6,false,true,104,0.2636889941456953,0.27197595294805216
70,6,false,true,85,0.20956542841944822,0.3227783448981507
71,6,true,false,120,0.23018440530987647,0.24904683753105583
72,6,true,false,97,0.19921712080576523,0.22032530959459737
73,6,false,false,105,0.21005160413421053,0.2286458182837718
74,6,false,false,142,0.19948068650458728,0.29566861876851847
75,6,true,false,66,0.2210221652739582,0.22536815229688592
76,6,true,false,89,0.2390766064257143,0.2532314674742856
77,6,false,false,28,0.22195485176881735,0.2575309411397849
78,6,false,false,58,0.18545608332884617,0.20166984485161285
79,6,true,true,140,0.2292386961553719,0.2781362826793389
80,6,true,true,191,0.18315105492131273,0.19255990663527134
81,6,false,true,28,0.18563142468581456,0.1911105625886456
82,6,false,true,154,0.20629678326570064,0.2041756109708739
83,6,true,true,20,0.23243793736148663,0.2837183014013605
84,6,true,true,89,0.22266815100414508,0.253610293640625
85,6,false,true,57,0.20501899103100774,0.21023000785
86,6,false,true,37,0.23519459769536433,0.27432422382000005
87,6,true,false,204,0.19433815560993783,0.21923977045093168
88,6,true,false,117,0.21415439002017933,0.222738090455856
89,6,false,false,11,0.24318269453665073,0.23460363457578687
90,6,false,false,73,0.20847673016080395,0.24236080891919187
91,6,true,false,26,0.24594887476859503,0.2873237780325203
92,6,true,false,49,0.2244527456826924,0.23744134664238098
93,6,false,false,43,0.20462406089638568,0.21192808892455084
94,6,false,false,30,0.21177695612682917,0.26476054612499994
95,6,true,true,146,0.17745409876971416,0.2533035386857143
96,6,true,true,187,0.21863961851063837,0.21484858462857143
97,6,false,true,66,0.1773015814744027,0.201024473312628
98,6,false,true,4,0.2081548812919566,0.2381916279234973
99,6,true,true,28,0.1873329952280702,0.28461820873742705
100,6,true,true,38,0.18265127587903235,0.2123079270533334
101,6,false,true,154,0.21339363594256874,0.21669076283412841
102,6,false,true,102,0.20104220508846166,0.2000865848333334
103,6,true,false,38,0.2323140924642352,0.22433889471422183
104,6,true,false,81,0.22089479492857134,0.24394807225645931
105,6,false,false,97,0.1905880472500812,0.20783672401720435
106,6,false,false,35,0.18024219127916663,0.25560805026164385
107,6,true,false,60,0.253287891223875,0.2530089661794931
108,6,true,false,32,0.21457589913013705,0.2300785737638914
109,6,false,false,54,0.21502459959757292,0.293724573730392
110,6,false,false,67,0.2100508857468927,0.22097650957062148
111,6,true,true,86,0.22252932192752292,0.2699948660642201
112,6,true,true,7,0.2301501179531057,0.22999609280683234
113,6,false,true,27,0.19870830087021288,0.21601382711428574
114,6,false,true,57,0.2473977112838542,0.27118899817015696
115,6,true,true,24,0.1969865102905596,0.21462676076655052
116,6,true,true,7,0.24270700520892857,0.27667216413539814
117,6,false,true,27,0.2191634549071038,0.22309576504630135
118,6,false,true,38,0.20162757132361114,0.2675687798223777
119,6,true,false,37,0.18062716199626866,0.21171674037969931
120,6,true,false,135,0.21312832957303374,0.251302471915084
121,6,false,false,11,0.16673924515384622,0.34141712439750005
122,6,false,false,54,0.20326552660000002,0.3178243310495868
123,6,true,false,25,0.2276340907019231,0.24084015133161304
124,6,true,false,47,0.20807989937853497,0.225432318862739
125,6,false,false,43,0.23293576829166673,0.26930502289908265
126,6,false,false,19,0.22271326296851074,0.2456482657048127
127,7,false,true,78,0.21687945214540827,0.25467598822769233
0,7,false,true,204,0.14732800058815787,0.30409571113333334
1,7,true,true,40,0.2013706798972603,0.25274429808310345
2,7,true,true,53,0.22353351997929796,0.23192756767700348
3,7,false,true,35,0.24243711910869564,0.33146366372527475
4,7,false,true,34,0.22013542728410593,0.2284952189602649
5,7,true,true,18,0.24272055330769224,0.3196748878095237
6,7,true,true,69,0.24079506268215597,0.2481330017664179
7,7,false,false,51,0.19555284387697366,0.22895488564052296
8,7,false,false,90,0.2188714688820173,0.20998184327087704
9,7,true,false,44,0.19344560477766493,0.20481227708962002
10,7,true,false,104,0.19794366496075178,0.21681720896517398
11,7,false,false,41,0.21728573910267862,0.2342877982030804
12,7,false,false,99,0.22250959378074872,0.23624384432085568
13,7,true,false,20,0.18082741423190188,0.2578386021402439
14,7,true,false,19,0.19981217625441172,0.23263201316421042
15,7,false,true,105,0.21992082128500012,0.2134818373730769
16,7,false,true,114,0.2253121391113636,0.2122026931319999
17,7,true,true,56,0.19390703071221368,0.2305781783636364
18,7,true,true,45,0.20684120825427138,0.22426350352727287
19,7,false,true,139,0.1946870181470354,0.19739649532928566
20,7,false,true,99,0.2293170116066351,0.22968632983175338
21,7,true,true,55,0.21961694981366467,0.24272868006565207
22,7,true,true,42,0.2532152778554218,0.253644039597605
23,7,false,false,74,0.17754578964785717,0.180523309
24,7,false,false,83,0.17022028931818187,0.22253252011379315
25,7,true,false,75,0.21194625417163632,0.26890266730510953
26,7,true,false,45,0.18852270146949227,0.22501255130252368
27,7,false,false,21,0.19513312929190746,0.21955291931395352
28,7,false,false,37,0.18114576263930343,0.275925340315
29,7,true,false,28,0.1977973925580953,0.2422530304288461
30,7,true,false,20,0.2033750864510638,0.21802420590670962
31,7,false,true,64,0.2402730370970712,0.25592179907520995
32,7,false,true,201,0.20779423134380534,0.21431104340969176
33,7,true,true,29,0.18388107757954542,0.3005715827218389
34,7,true,true,90,0.19747482951222228,0.20513439460335198
35,7,false,true,17,0.22113166491503264,0.23963433489473684
36,7,false,true,65,0.24384189472300893,0.2447483094380531
37,7,true,true,108,0.18295353039090914,0.22936957082692308
38,7,true,true,28,0.15099637821935774,0.2129838353135184
39,7,false,false,83,0.22718736676119403,0.21408345752631583
40,7,false,false,56,0.2144698459163793,0.21950630842711852
41,7,true,false,161,0.18818310223055557,0.2506710962556354
42,7,true,false,108,0.19543786706493504,0.25631136193464055
43,7,false,false,178,0.16829971969512186,0.19629773372085887
44,7,false,false,52,0.22830266854016387,0.24586472118606567
45,7,true,false,52,0.2271353292,0.30590867048787884
46,7,true,false,145,0.1752414980515789,0.22641242593814437
47,7,false,true,157,0.23204837334411754,0.25503399392592585
48,7,false,true,56,0.23438644326471433,0.2884178234571429
49,7,true,true,104,0.19736134554028437,0.21411747482132712
50,7,true,true,35,0.2188974656862834,0.20633634314669608
51,7,false,true,34,0.2055592895114943,0.2326637346264367
52,7,false,true,26,0.2109283653425413,0.24617029582187838
53,7,true,true,48,0.18916760804722224,0.22274202981909103
54,7,true,true,53,0.18673294024954545,0.24175146862455343
55,7,false,false,25,0.1998910005801204,0.2721476288060241
56,7,false,false,112,0.18963983830624984,0.23165985499023437
57,7,true,false,54,0.19073291568083836,0.2249546844402403
58,7,true,false,76,0.21681598592600745,0.21592128924395598
59,7,false,false,40,0.21550231290142513,0.214052172570853
60,7,false,false,62,0.21177407347568725,0.22658572115105893
61,7,true,false,47,0.21751131543013466,0.23846196903589342
62,7,true,false,49,0.2282486600827253,0.26725543938048774
63,7,true,true,135,0.20913615027368426,0.19373576626725353
64,7,true,true,227,0.2082234984878445,0.2258930414484321
65,7,false,true,74,0.21730022654507772,0.2293989796499999
66,7,false,true,152,0.19329574564434485,0.26097818963194436
67,7,true,true,105,0.22871801577456652,0.22943614864534892
68,7,true,true,53,0.17507228423617024,0.20481118219285724
69,7,false,true,104,0.2876072982077922,0.2574353220935065
70,7,false,true,85,0.21989379576272117,0.2871153235226027
71,7,true,false,120,0.2261617630251573,0.2500740323726709
72,7,true,false,97,0.1914016034683981,0.2209640294432902
73,7,false,false,105,0.23347295521179026,0.24857858346635975
74,7,false,false,142,0.218211559,0.28935086616666666
75,7,true,false,66,0.22036261534517243,0.25172078045847757
76,7,true,false,89,0.2398889885251798,0.2285214674428571
77,7,false,false,28,0.24420013818648648,0.2446970964182796
78,7,false,false,58,0.22434586006089738,0.22895041738193542
79,7,true,true,140,0.22469690113467217,0.2785356358760329
80,7,true,true,191,0.19806039945271312,0.22153520446387606
81,7,false,true,28,0.17763352815769257,0.199661891045079
82,7,false,true,154,0.20609681034146346,0.22313881428155316
83,7,true,true,20,0.27051741864189194,0.25469557616326544
84,7,true,true,89,0.20854399061621065,0.22863579599479167
85,7,false,true,57,0.18663216241015632,0.23682821575781246
86,7,false,true,37,0.21475001385695366,0.23886074925999992
87,7,true,false,204,0.21464983226790119,0.2075640563900621
88,7,true,false,117,0.20190512842869962,0.21226294861486483
89,7,false,false,11,0.25493236990677975,0.24661163270094416
90,7,false,false,73,0.22173882960804026,0.23338267522525252
91,7,true,false,26,0.22948774493319865,0.271882064382114
92,7,true,false,49,0.24918412165402842,0.2413056464571426
93,7,false,false,43,0.20315588561726194,0.2493735936706589
94,7,false,false,30,0.2531999214722774,0.2655217404882355
95,7,true,true,146,0.21230766263636355,0.2267237332365714
96,7,true,true,187,0.2017192904893617,0.22532142705185174
97,7,false,true,66,0.19772128091758492,0.20127718266860056
98,7,false,true,4,0.20639523922404368,0.19666907827151367
99,7,true,true,28,0.18292034152290695,0.24841481174619884
100,7,true,true,38,0.1819612270429752,0.2148665813495934
101,7,false,true,154,0.20409339613572466,0.21892034541100924
102,7,false,true,102,0.22991904564705898,0.20525532165942031
103,7,true,false,38,0.20908961631509437,0.2143982283443396
104,7,true,false,81,0.21334945626602853,0.2291303221531101
105,7,false,false,97,0.19109517749973182,0.21535329362446243
106,7,false,false,35,0.1664882493789116,0.2637547170054794
107,7,true,false,60,0.2403464176116277,0.24081489462811043
108,7,true,false,32,0.1895549713278181,0.22449301289457013
109,7,false,false,54,0.24017463043689316,0.3117335776568626
110,7,false,false,67,0.20444569977808985,0.22265311879694913
111,7,true,true,86,0.19786733054862374,0.26480355183082577
112,7,true,true,7,0.22047619451238393,0.23965863610559
113,7,false,true,27,0.1973094015428572,0.21989363618571425
114,7,false,true,57,0.2592323938031916,0.29128152685549735
115,7,true,true,24,0.21426215243191496,0.19898208644947726
116,7,true,true,7,0.25614751121585894,0.25741132358318575
117,7,false,true,27,0.22231120475819677,0.2244232974131506
118,7,false,true,38,0.18968060306153853,0.25588771445664327
119,7,true,false,37,0.2084904914609023,0.2096575732781955
120,7,true,false,135,0.2230996010749999,0.2550922864793297
121,7,false,false,11,0.13604364573170727,0.36898626972500004
122,7,false,false,54,0.21303133594885243,0.32155413316528914
123,7,true,false,25,0.21398568024077413,0.23642010231354843
124,7,true,false,47,0.23405131127269838,0.2421858040888535
125,7,false,false,43,0.22868476339252333,0.3002263631743118
126,7,false,false,19,0.24037850907340427,0.26770225087005334
127,8,false,true,78,0.22809856283926694,0.2233549237866666
0,8,false,true,204,0.18428070889333328,0.2746335673293334
1,8,true,true,40,0.19443430791438354,0.21517533207103445
2,8,true,true,53,0.23679044308437502,0.2263291029523692
3,8,false,true,35,0.25145744747191007,0.3130103656923077
4,8,false,true,34,0.2037624426472482,0.21763884564701988
5,8,true,true,18,0.20717191363207543,0.29197435599047616
6,8,true,true,69,0.24373437031716436,0.25733060979850736
7,8,false,false,51,0.20747672971176465,0.23094239556862742
8,8,false,false,90,0.19865059450131997,0.2115431761536172
9,8,true,false,44,0.1937985296830381,0.2159483745124051
10,8,true,false,104,0.21169863217810947,0.2233968045199005
11,8,false,false,41,0.2093038431121332,0.24525330235982154
12,8,false,false,99,0.21699232663770482,0.24282967964171132
13,8,true,false,20,0.18719357534756106,0.2589925024573172
14,8,true,false,19,0.2037660491694093,0.22960892816526315
15,8,false,true,105,0.22088477645593868,0.21737219321999987
16,8,false,true,114,0.2236329418375,0.22447724390457158
17,8,true,true,56,0.19542075841666673,0.23938621218712136
18,8,true,true,45,0.18657953844673367,0.22707287112171706
19,8,false,true,139,0.21465394143636365,0.2095679660039683
20,8,false,true,99,0.23070141882075465,0.2433657410502369
21,8,true,true,55,0.1956436589308176,0.2228427443602485
22,8,true,true,42,0.23554355981964267,0.2322991209700597
23,8,false,false,74,0.19661833772032963,0.21400662251988936
24,8,false,false,83,0.18458035950639537,0.2490014897551723
25,8,true,false,75,0.20741819162583003,0.24155385812437963
26,8,true,false,45,0.19850996288834838,0.23741977787823337
27,8,false,false,21,0.2523618928493977,0.2207183391406977
28,8,false,false,37,0.17374666493065333,0.24624063793000026
29,8,true,false,28,0.18009068281250007,0.24381930219326917
30,8,true,false,20,0.20226140485659574,0.2177772356837607
31,8,false,true,64,0.23882273293,0.2562973057516807
32,8,false,true,201,0.19631573792212392,0.20615449212026438
33,8,true,true,29,0.18053293922159086,0.2864324477011495
34,8,true,true,90,0.20890693609774014,0.1976661904916201
35,8,false,true,17,0.23394132032026138,0.25337893248026316
36,8,false,true,65,0.22035903077876096,0.2565005925929203
37,8,true,true,108,0.1558335023037975,0.23681029212820526
38,8,true,true,28,0.14637841248924527,0.2148721856838889
39,8,false,false,83,0.2152022961731344,0.20674850553834587
40,8,false,false,56,0.2275031293194914,0.23112449258474566
41,8,true,false,161,0.20988349346388888,0.2223539553149171
42,8,true,false,108,0.18154837590666661,0.2382068626588235
43,8,false,false,178,0.18644680279756093,0.21638988650736213
44,8,false,false,52,0.20689045740677972,0.25418248813114747
45,8,true,false,52,0.23451033799292934,0.26970979392424244
46,8,true,false,145,0.17751576614226805,0.20589637517216489
47,8,false,true,157,0.22243267554088228,0.2493043039629629
48,8,false,true,56,0.20681819410144928,0.2530349158142858
49,8,true,true,104,0.19433967690047388,0.20312300200473932
50,8,true,true,35,0.20270612316502237,0.2207336102343611
51,8,false,true,34,0.2006567309411428,0.25573298746609213
52,8,false,true,26,0.20779989997900553,0.23878259722651932
53,8,true,true,48,0.2250124394545454,0.23979810470272725
54,8,true,true,53,0.1758990936995516,0.22004558368482163
55,8,false,false,25,0.24953755764242416,0.24085960092168682
56,8,false,false,112,0.2112994583451361,0.2317916172058595
57,8,true,false,54,0.1940256828708708,0.22002154897417434
58,8,true,false,76,0.20745744688605486,0.2192475370164836
59,8,false,false,40,0.21319229225331734,0.2167265651435069
60,8,false,false,62,0.22925788933661978,0.22224533102447053
61,8,true,false,47,0.223191122616,0.25617106002586676
62,8,true,false,49,0.20681081113267824,0.2814304926097562
63,8,true,true,135,0.20531171253736644,0.22143259685035213
64,8,true,true,227,0.19768488432867137,0.2410845016121953
65,8,false,true,74,0.2422765806901555,0.2513947979927085
66,8,false,true,152,0.19986483106344818,0.2555001873263889
67,8,true,true,105,0.22241355677919067,0.19985120755232547
68,8,true,true,53,0.16974652793829786,0.1990074753757143
69,8,false,true,104,0.23765533816233775,0.2773112898084417
70,8,false,true,85,0.1889819154452056,0.32651596672582195
71,8,true,false,120,0.2352552978654321,0.22782745495465825
72,8,true,false,97,0.20484842985152837,0.21029704550822506
73,8,false,false,105,0.2206024252104804,0.20752805506140348
74,8,false,false,142,0.20334853364814814,0.29788217865185174
75,8,true,false,66,0.22308746426332177,0.2347401673044982
76,8,true,false,89,0.22563622110638307,0.224010418857143
77,8,false,false,28,0.25879036140430106,0.2656309257967742
78,8,false,false,58,0.22539185545666662,0.24778030272193527
79,8,true,true,140,0.23169073775833335,0.2995858780082644
80,8,true,true,191,0.20182584970930229,0.2144652470731397
81,8,false,true,28,0.1872058783558239,0.18694697861647835
82,8,false,true,154,0.22350453806780496,0.22186719329417473
83,8,true,true,20,0.26123949140136044,0.2907087599551021
84,8,true,true,89,0.21693243858367875,0.22693559448437492
85,8,false,true,57,0.20803394456000013,0.23656529553750014
86,8,false,true,37,0.20323820892715228,0.2311492010406667
87,8,true,false,204,0.19316419294374998,0.20694379739316768
88,8,true,false,117,0.22224400204504505,0.22425602743108106
89,8,false,false,11,0.23497078428184034,0.22528776268401932
90,8,false,false,73,0.21667378337373727,0.22639159745378787
91,8,true,false,26,0.22236948723975422,0.27293368002032514
92,8,true,false,49,0.2200232374000001,0.25790226806666655
93,8,false,false,43,0.21195356566867476,0.20821270741592818
94,8,false,false,30,0.23909929402238803,0.2603543470539215
95,8,true,true,146,0.19525216903409087,0.24213747621257153
96,8,true,true,187,0.20497612623684208,0.22742749283068775
97,8,false,true,66,0.1860770200971769,0.1978021563604096
98,8,false,true,4,0.20217455722554345,0.23522786692349748
99,8,true,true,28,0.20379182322732553,0.2610785836304094
100,8,true,true,38,0.1986493453596774,0.23660642309756097
101,8,false,true,154,0.1956995437417432,0.2098014501519267
102,8,false,true,102,0.2085920390875912,0.24816015353913046
103,8,true,false,38,0.2281609061182144,0.2301914876773585
104,8,true,false,81,0.23628789200956932,0.22961695595263149
105,8,false,false,97,0.1890369096262734,0.20474014620403239
106,8,false,false,35,0.18199589309659855,0.23858431812671232
107,8,true,false,60,0.2344063389775229,0.22131178008801833
108,8,true,false,32,0.2088500181513514,0.21479764400171955
109,8,false,false,54,0.21839724616666656,0.3298006447549018
110,8,false,false,67,0.21239645781797745,0.2127712131468925
111,8,true,true,86,0.2307858559266055,0.27556305436697237
112,8,true,true,7,0.2262749428086956,0.2256758780189441
113,8,false,true,27,0.20061980643475186,0.23003720087142865
114,8,false,true,57,0.24162480520364568,0.27508188773036657
115,8,true,true,24,0.19076256187222235,0.21415164246689897
116,8,true,true,7,0.2620479793409691,0.28558878169469
117,8,false,true,27,0.21057811436284155,0.21796343855808226
118,8,false,true,38,0.21677705093706304,0.23000262150349648
119,8,true,false,37,0.1941144287819549,0.22448797621203012
120,8,true,false,135,0.2225887820944445,0.2443425764353632
121,8,false,false,11,0.1225634378905263,0.3575853195375
122,8,false,false,54,0.2261954041557378,0.2690967701487605
123,8,true,false,25,0.20867947273466667,0.25389471462580654
124,8,true,false,47,0.23513758045222946,0.2350364779184713
125,8,false,false,43,0.23651824266818186,0.2600689198486239
126,8,false,false,19,0.21903545660510645,0.2277319845588235
127,9,false,true,78,0.22012182523112256,0.2341172941249846
0,9,false,true,204,0.17823089773684206,0.33034597603999993
1,9,true,true,40,0.18382448258356168,0.2167658963482759
2,9,true,true,53,0.22247964652097893,0.20621924236954706
3,9,false,true,35,0.22553989789130433,0.3075119608681318
4,9,false,true,34,0.20248272896644728,0.23808830191854308
5,9,true,true,18,0.2184000186342857,0.30282185765714287
6,9,true,true,69,0.2476227095720754,0.26340210981548484
7,9,false,false,51,0.2289842701363637,0.2388673503202616
8,9,false,false,90,0.19578986178290791,0.2050150071315788
9,9,true,false,44,0.20528689287893132,0.20290095748759487
10,9,true,false,104,0.2153072104402983,0.21195446066417895
11,9,false,false,41,0.21126047911838572,0.24088562892901794
12,9,false,false,99,0.2581520112696808,0.2576082969197861
13,9,true,false,20,0.20050205842848495,0.2413061633810976
14,9,true,false,19,0.21079931021407564,0.2255938750673684
15,9,false,true,105,0.2096175834769229,0.23341651302961544
16,9,false,true,114,0.2127360508011365,0.22865560987714267
17,9,true,true,56,0.21144852329007632,0.23841864584090905
18,9,true,true,45,0.1994940898818182,0.22557998185666667
19,9,false,true,139,0.20056686705691704,0.22062682368849215
20,9,false,true,99,0.2229639329622642,0.25426772308341244
21,9,true,true,55,0.2213932837283951,0.23521276113664585
22,9,true,true,42,0.2085378884078311,0.22538572735119752
23,9,false,false,74,0.1973540686725275,0.20187077098453035
24,9,false,false,83,0.1969572853579545,0.20292834645976998
25,9,true,false,75,0.20366640354596352,0.2632522733572993
26,9,true,false,45,0.19323024593895252,0.2465099137930601
27,9,false,false,21,0.2002882208462429,0.22893624529302314
28,9,false,false,37,0.1788552720537314,0.27240116960685
29,9,true,false,28,0.16416569013461535,0.22924490290384625
30,9,true,false,20,0.20838968697991464,0.217625992602564
31,9,false,true,64,0.24585279605230134,0.2449866851945377
32,9,false,true,201,0.18556165044473663,0.2134036217312775
33,9,true,true,29,0.19261939337499995,0.30290597844827577
34,9,true,true,90,0.22134976908651682,0.212088009547486
35,9,false,true,17,0.2285177261307189,0.2507729508578948
36,9,false,true,65,0.2313091225701755,0.23495406266725666
37,9,true,true,108,0.17637483871153842,0.22225202946794867
38,9,true,true,28,0.16179647451654197,0.2387014633598149
39,9,false,false,83,0.21443051458656717,0.22654604293233085
40,9,false,false,56,0.20133873385217393,0.2270527891610169
41,9,true,false,161,0.21096110469392265,0.27238215706629837
42,9,true,false,108,0.19539500749281039,0.28028685110457524
43,9,false,false,178,0.196531139147205,0.21056010862576693
44,9,false,false,52,0.19909626616147538,0.2169964489172132
45,9,true,false,52,0.24163077390000012,0.3243126258989898
46,9,true,false,145,0.1838086598367347,0.2480564027670103
47,9,false,true,157,0.22191535059529413,0.2599543202711111
48,9,false,true,56,0.19591164490428567,0.27783223266428564
49,9,true,true,104,0.2094609053790476,0.21638053831279627
50,9,true,true,35,0.18615940447030713,0.2203255750515419
51,9,false,true,34,0.17716750825411764,0.23634321216953993
52,9,false,true,26,0.2092981413186812,0.2253403126674032
53,9,true,true,48,0.19869671329907407,0.22569701084272725
54,9,true,true,53,0.1798337975696833,0.217754635015625
55,9,false,false,25,0.2541354926626507,0.24202655588554217
56,9,false,false,112,0.2101187294580393,0.2580087569753908
57,9,true,false,54,0.19397654254670654,0.2250441741408409
58,9,true,false,76,0.21855197029630985,0.22688974848388277
59,9,false,false,40,0.20721390011124416,0.21922686288751192
60,9,false,false,62,0.22074234229342737,0.21802994189658828
61,9,true,false,47,0.22906264997802664,0.2440175298865601
62,9,true,false,49,0.22792378594063267,0.26892357953121987
63,9,true,true,135,0.1914779873787323,0.2119303280644367
64,9,true,true,227,0.2104870176219513,0.23069098460780493
65,9,false,true,74,0.19355985531354183,0.2498235045484375
66,9,false,true,152,0.19288146429999994,0.28997129775416675
67,9,true,true,105,0.21758073615581394,0.23396821529069767
68,9,true,true,53,0.17510651556241136,0.18542226903571418
69,9,false,true,104,0.2953817899736842,0.29435764482467514
70,9,false,true,85,0.2215916605102041,0.32430957704109603
71,9,true,false,120,0.2292867892061728,0.25192098172049693
72,9,true,false,97,0.19645712136277058,0.20788776407186144
73,9,false,false,105,0.22470149109911897,0.24855553717543855
74,9,false,false,142,0.2169440020183487,0.2940744347037036
75,9,true,false,66,0.21498502400555553,0.23001703200865067
76,9,true,false,89,0.2090430398085107,0.21179136291764286
77,9,false,false,28,0.22217604704812835,0.2702567366478495
78,9,false,false,58,0.19434017318141028,0.2367795011761291
79,9,true,true,140,0.2621367663193276,0.2905368503016528
80,9,true,true,191,0.21642647706988424,0.19291751561627915
81,9,false,true,28,0.18169352248386472,0.19147904017246054
82,9,false,true,154,0.23069496040728152,0.23495574561213578
83,9,true,true,20,0.27728375428571417,0.29825854799999996
84,9,true,true,89,0.22384111050259062,0.24775023706250013
85,9,false,true,57,0.20947041852343748,0.225572065609375
86,9,false,true,37,0.22006759461744965,0.22855528588000004
87,9,true,false,204,0.2089616319493671,0.21951310611118
88,9,true,false,117,0.20544495415701364,0.24490915664414412
89,9,false,false,11,0.23303553813842992,0.23007918100000002
90,9,false,false,73,0.22645405740100993,0.2274642378762625
91,9,true,false,26,0.2270221048097167,0.27635815183739854
92,9,true,false,49,0.22778010003317548,0.23825951335000012
93,9,false,false,43,0.18167554519464282,0.22337363032335317
94,9,false,false,30,0.24078527690000007,0.26225948051813724
95,9,true,true,146,0.19871356192457135,0.25767836683428585
96,9,true,true,187,0.21583442932052632,0.2252938474444445
97,9,false,true,66,0.18262105240952373,0.19975834434928305
98,9,false,true,4,0.2061068226136612,0.249986547590164
99,9,true,true,28,0.1892039061651462,0.2660948360467837
100,9,true,true,38,0.19331134153360657,0.2378991746894308
101,9,false,true,154,0.21592159158388283,0.22490101111100924
102,9,false,true,102,0.2247268217553958,0.22620692296159423
103,9,true,false,38,0.21368059788099789,0.2223720292945754
104,9,true,false,81,0.21972701774396125,0.24013707854880373
105,9,false,false,97,0.20150305774850946,0.20873123605913976
106,9,false,false,35,0.18660564034489796,0.2654837444726026
107,9,true,false,60,0.2660753064731479,0.26104000629493096
108,9,true,false,32,0.2107618665675676,0.2288916570085974
109,9,false,false,54,0.21390291529126226,0.3184694545147058
110,9,false,false,67,0.2308849576598836,0.24498483549717506
111,9,true,true,86,0.21328285910545466,0.23482765826146781
112,9,true,true,7,0.2241872364674922,0.23437698441987556
113,9,false,true,27,0.1867185079657144,0.24732897415714292
114,9,false,true,57,0.2711934482882199,0.27822687773298416
115,9,true,true,24,0.19353132642229973,0.20968327544320556
116,9,true,true,7,0.24832782030264317,0.27932495492699094
117,9,false,true,27,0.20209233951506844,0.22667952042739734
118,9,false,true,38,0.2035242259230769,0.2736637605972028
119,9,true,false,37,0.19610834400454544,0.20033688589398504
120,9,true,false,135,0.21428938580388895,0.2475794120631286
121,9,false,false,11,0.1206791067325,0.29572702019600006
122,9,false,false,54,0.19693716231666678,0.2637067438206612
123,9,true,false,25,0.19926176933116885,0.22497658419290328
124,9,true,false,47,0.2287876207908976,0.22575170370700642
125,9,false,false,43,0.20745599381308405,0.24636241941834874
126,9,false,false,19,0.22847392158510635,0.2393889912652407
127,10,false,true,78,0.22311603979487174,0.23719376633897435
0,10,false,true,204,0.15560681155263154,0.31649681546266656
1,10,true,true,40,0.2261040326013698,0.22118264413793098
2,10,true,true,53,0.2300789407808711,0.24235368617177686
3,10,false,true,35,0.2442424738522728,0.30795291807692315
4,10,false,true,34,0.1889080716412,0.2442715595145695
5,10,true,true,18,0.2524612759561904,0.27537802389523813
6,10,true,true,69,0.24133571813333332,0.24418897297537315
7,10,false,false,51,0.20440098734337664,0.2188686799411765
8,10,false,false,90,0.19409999587005863,0.21554165480745605
9,10,true,false,44,0.22110710728762628,0.21180240611645576
10,10,true,false,104,0.21343632798383078,0.21076708791417917
11,10,false,false,41,0.20290417956502257,0.23983578563392843
12,10,false,false,99,0.23734227039840425,0.24717682113368986
13,10,true,false,20,0.18866632652909102,0.2545430498902441
14,10,true,false,19,0.19975310167094726,0.2412594756042102
15,10,false,true,105,0.21314598913218388,0.24063160036926928
16,10,false,true,114,0.21804458236079532,0.23149917642800005
17,10,true,true,56,0.1986748581067669,0.23333054903333345
18,10,true,true,45,0.21027892543015078,0.2237465710828282
19,10,false,true,139,0.2147086120276679,0.20902392382142837
20,10,false,true,99,0.23418680366380934,0.23284013172322274
21,10,true,true,55,0.21804895919254663,0.24065395744968932
22,10,true,true,42,0.195653697360119,0.24370969602155693
23,10,false,false,74,0.19554083239890122,0.20227162930718237
24,10,false,false,83,0.19050060355681822,0.22879608435517249
25,10,true,false,75,0.20139305334448526,0.2400091737032845
26,10,true,false,45,0.1951208243156191,0.2451745170334385
27,10,false,false,21,0.2106453183649122,0.21929468476279065
28,10,false,false,37,0.1809885015472636,0.25188851218000013
29,10,true,false,28,0.20811667233904774,0.23074462992499997
30,10,true,false,20,0.21602006513589755,0.20913713705756398
31,10,false,true,64,0.22927264194686187,0.25745111735714277
32,10,false,true,201,0.21848226787444933,0.21219867628193828
33,10,true,true,29,0.17318261042613642,0.25255878243678154
34,10,true,true,90,0.17694894188888896,0.1989184548882682
35,10,false,true,17,0.2017747338618422,0.20591638991118422
36,10,false,true,65,0.2022794178214285,0.29270870816814154
37,10,true,true,108,0.17449103142405062,0.257326961448718
38,10,true,true,28,0.13958022371394493,0.2354335884259259
39,10,false,false,83,0.22220165035114492,0.22280831108721796
40,10,false,false,56,0.19043261909745757,0.22698040016949153
41,10,true,false,161,0.18994054727191004,0.252097027256906
42,10,true,false,108,0.18256196439610378,0.2696324628673202
43,10,false,false,178,0.16664674984695116,0.23478474541472383
44,10,false,false,52,0.2109743046235772,0.23429446533606546
45,10,true,false,52,0.20795592755999998,0.30178323865050505
46,10,true,false,145,0.1762517061531251,0.23368763432783501
47,10,false,true,157,0.22511998011555562,0.2530946151733333
48,10,false,true,56,0.23402450958823523,0.3144733436571429
49,10,true,true,104,0.2004402761768866,0.1993355351334123
50,10,true,true,35,0.20939341546562495,0.2106102522916299
51,10,false,true,34,0.19985782752971432,0.2516374067109196
52,10,false,true,26,0.22021453290934054,0.22370848093922643
53,10,true,true,48,0.1921610709576577,0.25111393506363633
54,10,true,true,53,0.18427949235111127,0.22773454131294643
55,10,false,false,25,0.2515920283666666,0.2517858781903615
56,10,false,false,112,0.21601983181050582,0.2412010622500002
57,10,true,false,54,0.19889420074730546,0.23425125252942944
58,10,true,false,76,0.22242415788610598,0.21881682995934038
59,10,false,false,40,0.20851863765177298,0.21315658662748832
60,10,false,false,62,0.21052661331784028,0.21706823668955305
61,10,true,false,47,0.23660275961755337,0.24318408901599983
62,10,true,false,49,0.2218129357560977,0.26426289729902463
63,10,true,true,135,0.20169247758120554,0.2120207150207748
64,10,true,true,227,0.20507856387804874,0.223084185189547
65,10,false,true,74,0.21453962354285708,0.24828037108854176
66,10,false,true,152,0.22101081714583337,0.26105933260069425
67,10,true,true,105,0.21049572923468213,0.2444804237674418
68,10,true,true,53,0.1733397074287235,0.1920423093957143
69,10,false,true,104,0.22888144267096763,0.2626035544490908
70,10,false,true,85,0.2103147941020408,0.2843983580894523
71,10,true,false,120,0.22685238706250002,0.25166120227453403
72,10,true,false,97,0.20487386260698692,0.22466720006926397
73,10,false,false,105,0.23616718617991264,0.2370854348947368
74,10,false,false,142,0.213082468706422,0.3061620596388889
75,10,true,false,66,0.22096293926344832,0.25047428426394464
76,10,true,false,89,0.24314210450567372,0.22703717811071425
77,10,false,false,28,0.23993732154032252,0.2535034503005375
78,10,false,false,58,0.2391254482451612,0.2307899516116131
79,10,true,true,140,0.21264319155737688,0.28102331137024783
80,10,true,true,191,0.21537439666409264,0.20537199868798442
81,10,false,true,28,0.17760443494612607,0.19177238102550817
82,10,false,true,154,0.20022690258454112,0.2281943410543688
83,10,true,true,20,0.2478651069932432,0.307282078387755
84,10,true,true,89,0.21270976091675395,0.22810931805208334
85,10,false,true,57,0.18618829887131783,0.23694230746093756
86,10,false,true,37,0.20965502274834447,0.22780852012000005
87,10,true,false,204,0.20241360702179012,0.21473304640869562
88,10,true,false,117,0.20659674866783784,0.23592742997747745
89,10,false,false,11,0.21328928392742735,0.24930355920634376
90,10,false,false,73,0.25500817145939086,0.22103450563232302
91,10,true,false,26,0.23580822392915,0.2672750529227643
92,10,true,false,49,0.24613830628229663,0.2594660833666666
93,10,false,false,43,0.19026699429166674,0.2082323659161676
94,10,false,false,30,0.2821641860841584,0.29276808516176495
95,10,true,true,146,0.20289262288181814,0.26455455070857153
96,10,true,true,187,0.2025154441812834,0.22099287458518507
97,10,false,true,66,0.17956327974081635,0.18212606850102397
98,10,false,true,4,0.21807354812336954,0.2183757629493989
99,10,true,true,28,0.1929144438277193,0.24397489145614043
100,10,true,true,38,0.2035481112048386,0.232705228300813
101,10,false,true,154,0.20879081061216523,0.22997042564844042
102,10,false,true,102,0.22884238639710144,0.21849501600797105
103,10,true,false,38,0.22210106350685574,0.22264083414551886
104,10,true,false,81,0.2549659478419511,0.22918422715358847
105,10,false,false,97,0.18091354466890086,0.2136457644392474
106,10,false,false,35,0.19367060564081642,0.26487690256369856
107,10,true,false,60,0.2449560546889952,0.24321058577419347
108,10,true,false,32,0.20574621908108104,0.22903526668823512
109,10,false,false,54,0.23485949183009708,0.280854300480392
110,10,false,false,67,0.21428242160451974,0.2523087496807909
111,10,true,true,86,0.21742518222568807,0.28483044385321105
112,10,true,true,7,0.21342331850093155,0.22563058265360228
113,10,false,true,27,0.20574279411063826,0.2477720607
114,10,false,true,57,0.23300420325520857,0.2913848499764398
115,10,true,true,24,0.1896977163376307,0.2159832541062717
116,10,true,true,7,0.25240257434645996,0.28313299526460173
117,10,false,true,27,0.20766894541939893,0.2286389089131507
118,10,false,true,38,0.22381185157638894,0.26955516162937077
119,10,true,false,37,0.18594636300827067,0.2046836909360902
120,10,true,false,135,0.22764788950724735,0.2448157816016761
121,10,false,false,11,0.12394791520277776,0.36799985415
122,10,false,false,54,0.22347002853719006,0.3111478947520662
123,10,true,false,25,0.2064923345064102,0.22363565636774196
124,10,true,false,47,0.2215946907307937,0.21917044783343967
125,10,false,false,43,0.22285640502777782,0.26309222037981655
126,10,false,false,19,0.2422433137774194,0.24566480474224603
127,10,false,false,19,0.21878494446224464,0.23692783954625626
