Global Index,Reality,OS,SS
0,0,0.5085217675466666,0.5677723034
1,0,0.4769005395034966,0.4884936530275858
2,0,0.5092616150975605,0.5079077959790935
3,0,0.505431223956044,0.5432082679120879
4,0,0.4800220754966884,0.4903673741523179
5,0,0.5758711924761906,0.6038498882857141
6,0,0.5724391608731342,0.5855291974999994
7,0,0.5283177777987014,0.5304006177124182
8,0,0.4700988000307023,0.493256842671637
9,0,0.5397249584492386,0.5574791310075945
10,0,0.49379790738461526,0.5248491033432837
11,0,0.5025315008303572,0.5070964181785713
12,0,0.5103214384819155,0.5568261015401068
13,0,0.5053239802012195,0.5158316170426834
14,0,0.5137128034768906,0.5486765732463161
15,0,0.5210093489787646,0.5476169188038461
16,0,0.5026688165682078,0.475681979836
17,0,0.47244184709160286,0.5329396198484847
18,0,0.49770962547979786,0.5414642622474748
19,0,0.4351522642757935,0.5021118094087299
20,0,0.4885409615047171,0.5298925415118483
21,0,0.4734298211901232,0.530645254130435
22,0,0.5046139208915668,0.5268669344910181
23,0,0.5130367786666672,0.48736754618784517
24,0,0.4725989237931034,0.44715497094252876
25,0,0.5025006258894544,0.5564137738175184
26,0,0.5107396485299683,0.5537454608201892
27,0,0.47682805819075147,0.5489752394825582
28,0,0.43476199359203976,0.5489466261600002
29,0,0.442087959608654,0.5295246546730769
30,0,0.521079063397436,0.5663566434615392
31,0,0.5690574598326363,0.5732784759411764
32,0,0.43315628069074896,0.4582174190969162
33,0,0.5371218193181818,0.5956059891954023
34,0,0.4904178729444444,0.48291416167597806
35,0,0.49991049508496727,0.5135748080263158
36,0,0.49372376893805325,0.4804553763539821
37,0,0.4797749666835442,0.5316414456666664
38,0,0.3842108100740742,0.5081834752101854
39,0,0.4963091428721804,0.4562728310375941
40,0,0.44671272096610176,0.44192589864406767
41,0,0.5209256198882684,0.5575510675469615
42,0,0.5126660292941178,0.5792021467973857
43,0,0.5121318981472394,0.48352245496932517
44,0,0.49639782232786905,0.5477389161475411
45,0,0.5123776584300002,0.5928560163636365
46,0,0.4272228090195874,0.513783430947423
47,0,0.5083522704444446,0.5337040263259262
48,0,0.45412803800000007,0.495959854
49,0,0.48174513979952394,0.4677455452701419
50,0,0.5034815946828194,0.5282616239867839
51,0,0.4253122065428572,0.4905562876436781
52,0,0.5307356022872929,0.5061221387127072
53,0,0.40599693645727275,0.5077896475063635
54,0,0.4723985102232146,0.5160758799955357
55,0,0.42582166837060215,0.4797383023368675
56,0,0.5257780050000004,0.5275480838929684
57,0,0.5057158152537539,0.5540467027927931
58,0,0.5603846259323575,0.5706859306410259
59,0,0.5322957315791959,0.5299319539336492
60,0,0.5870314387388236,0.6042695751999999
61,0,0.528263615643617,0.5321379394613333
62,0,0.5481415797250602,0.6150349864390238
63,0,0.4841352683355635,0.48606399698274644
64,0,0.517876378159722,0.5209101624041806
65,0,0.5223183211658032,0.555022715440104
66,0,0.46722482711724117,0.5301644000624999
67,0,0.5049070210930232,0.4756141017616276
68,0,0.47869208656357143,0.46859025401071436
69,0,0.4985916171612904,0.553861309974026
70,0,0.5138776834829932,0.6362815123287671
71,0,0.524826585454321,0.5263902492335405
72,0,0.5816426334285718,0.5751133258917751
73,0,0.5497558522378854,0.5379797797149124
74,0,0.5259217713888886,0.5702542079999998
75,0,0.5748400689757783,0.5707258272110725
76,0,0.5284935571499999,0.5421359957857144
77,0,0.5883781236378377,0.5607206277956985
78,0,0.5609668603870973,0.5588558678709679
79,0,0.4811789838181818,0.5549428147603302
80,0,0.5144891782364343,0.5204860660852714
81,0,0.5078532639887133,0.5165864578893907
82,0,0.4631636667281555,0.5392712197572813
83,0,0.5331608542567571,0.528512270187755
84,0,0.5107292890989581,0.5574647993802085
85,0,0.5311663776562501,0.5558279326406245
86,0,0.4963674740816326,0.5284182562600004
87,0,0.5063366756562502,0.5325457454968946
88,0,0.5886252694279281,0.57014971927027
89,0,0.5219852467723971,0.5204834166658593
90,0,0.5315016171658292,0.5310556641414143
91,0,0.4743006659747964,0.5481262143272357
92,0,0.554298628616114,0.5344949080190474
93,0,0.502643878096407,0.49778581502095826
94,0,0.5391678009803924,0.5632050645098041
95,0,0.5170426006171428,0.5724281820571426
96,0,0.4900189980899471,0.47307506816402123
97,0,0.5074874996518773,0.49180593356655306
98,0,0.4676121312119565,0.47068922276502734
99,0,0.4973628539181287,0.528266229304094
100,0,0.4232371202903227,0.4846670535609756
101,0,0.5238758940715601,0.549009030198165
102,0,0.4729979384817517,0.47245918931159403
103,0,0.5568740138682352,0.5799577886014153
104,0,0.4743744049665074,0.5086770921291868
105,0,0.5379991580635388,0.5772717371532261
106,0,0.37830139078767117,0.5567201140424658
107,0,0.515667080847558,0.5003264587419354
108,0,0.5420527076022628,0.497456334138462
109,0,0.5187591510388351,0.5728593022254905
110,0,0.4581922116516855,0.4860240900192093
111,0,0.5343052434545454,0.5859321377064222
112,0,0.5477936409752319,0.5543012145341611
113,0,0.5839621757553956,0.5312432713142856
114,0,0.5400130046421874,0.5743690608586385
115,0,0.5637378233449472,0.5430689987874567
116,0,0.5935476796460182,0.6010585944690267
117,0,0.5311992276612018,0.5473952224547941
118,0,0.5261902044366199,0.5210936158741262
119,0,0.47154073256390977,0.5154244885714285
120,0,0.4881893529611114,0.5465463952067039
121,0,0.39139073489999987,0.5387834490000001
122,0,0.56134764553719,0.5835526037190079
123,0,0.523374785324675,0.5361728066451613
124,0,0.5378668929585982,0.5654454881624207
125,0,0.6130227221100919,0.5681162884403673
126,0,0.5259290086042778,0.6045002769090907
127,1,0.5001707105816328,0.5255726065641027
0,1,0.5037567847368423,0.5793199066666668
1,1,0.5114404294794521,0.48937444694482773
2,1,0.5117444731846691,0.4879488657108017
3,1,0.49365696945652215,0.5407057741758244
4,1,0.5112223074144736,0.49521937537192046
5,1,0.611012337184466,0.6303954996190475
6,1,0.5894740858239699,0.5817023599626866
7,1,0.557681660068831,0.5495538575816992
8,1,0.4737855854897669,0.4972075737986843
9,1,0.5666780599494942,0.5469025706582278
10,1,0.5265340401017371,0.5210895046281088
11,1,0.5398527222760182,0.5522248846517862
12,1,0.5236428624547872,0.5515557809411764
13,1,0.4865440654146342,0.5573277443902441
14,1,0.5348542893907561,0.5262533608126317
15,1,0.5586731960423071,0.5552833767846154
16,1,0.45567821221839117,0.45042458704571453
17,1,0.4995910381578947,0.5000178808712122
18,1,0.5093849740203049,0.5393038361111111
19,1,0.5026259375919999,0.493346248142857
20,1,0.5766724808509615,0.5734288333886257
21,1,0.48579086070370375,0.5074501993602485
22,1,0.5391192290180723,0.556300544287425
23,1,0.5169870851098901,0.5370631071823208
24,1,0.4867230240697673,0.4745344760000001
25,1,0.5465181053941813,0.5736744677591243
26,1,0.5035665454037856,0.5445360572555209
27,1,0.5178104772906982,0.5278027523895349
28,1,0.48726313694527357,0.6017481587000002
29,1,0.4395471696838096,0.5260967989711536
30,1,0.5832591498663795,0.574920746275641
31,1,0.5561481986297875,0.5963695245378151
32,1,0.4599406637149121,0.4476196943933919
33,1,0.5213978227272731,0.598414468045977
34,1,0.4836701084666667,0.4729574315083798
35,1,0.5282174462810459,0.5290024448157894
36,1,0.5033050456637168,0.5159455269026549
37,1,0.4824514305128206,0.5391412216282052
38,1,0.45901848799449546,0.49661933341388886
39,1,0.47820785540451116,0.4891584496992481
40,1,0.4503044188655465,0.42813389611016955
41,1,0.5109031817582413,0.5511649277348064
42,1,0.5363914073464053,0.5653943959477125
43,1,0.4801902438475611,0.5036179162883436
44,1,0.5622420552357723,0.5604193666393443
45,1,0.528357697659794,0.6044686401616164
46,1,0.5132811965918369,0.5075876054422682
47,1,0.5165039251851854,0.5251149573629629
48,1,0.43275308970422527,0.46229754349999985
49,1,0.4650709595341236,0.48553929395545015
50,1,0.5205191925219299,0.5093932476387663
51,1,0.4311422479428574,0.4880170387356323
52,1,0.5304052360804601,0.5367110074309391
53,1,0.47000885163636363,0.4872428225454545
54,1,0.46011693503999995,0.5132632450714284
55,1,0.46959903075301207,0.48161518040963897
56,1,0.5017143425380957,0.5324768394003908
57,1,0.5132630164393943,0.5314206650075075
58,1,0.5659559488720296,0.5606311377380947
59,1,0.5240180706508311,0.5203032373189574
60,1,0.5893124632227487,0.6039911319176464
61,1,0.5223155086133335,0.5398875431410668
62,1,0.5798803564963505,0.6212015857414637
63,1,0.47617911584503547,0.5039128833778171
64,1,0.49966002527083325,0.5379783820487802
65,1,0.5092491385364584,0.5752155008854162
66,1,0.47451049732413814,0.5381696441944447
67,1,0.4973744383824565,0.4658559363953487
68,1,0.48201433183687936,0.4456260716928571
69,1,0.5874784155519481,0.5464857334545454
70,1,0.5247987102777781,0.6303247565958903
71,1,0.5311761929185185,0.5457955657614905
72,1,0.5543624735307021,0.5620436393073592
73,1,0.5415731410698692,0.556815448114035
74,1,0.52614437815534,0.6154124781481483
75,1,0.5803384285172413,0.5941010107958478
76,1,0.5486917283455884,0.5528588412999998
77,1,0.5966348340962568,0.5720936575
78,1,0.6253939107947021,0.5712413428387094
79,1,0.5415747873934427,0.6086106217520659
80,1,0.5324150673682172,0.5144394624186042
81,1,0.5156537801135136,0.5193486841286685
82,1,0.5352293469758453,0.5420914930242723
83,1,0.5717917607432432,0.5816748470748296
84,1,0.5574679193750002,0.5742737414322919
85,1,0.5163995145234374,0.5364078396875
86,1,0.5504368088079471,0.55324582164
87,1,0.55728567971519,0.5595630246521736
88,1,0.5752977379596415,0.5922022861261257
89,1,0.5212637461690818,0.5236019787292978
90,1,0.5305719327373738,0.5185033853636364
91,1,0.5086526068311742,0.5577142142581298
92,1,0.5735963307884615,0.541787749752381
93,1,0.49533809928571426,0.5076130218952096
94,1,0.5812010587058819,0.5912197484313726
95,1,0.5786309055681818,0.5820028175714285
96,1,0.46328310767894737,0.47970658895767204
97,1,0.4422337429421771,0.48285116245733756
98,1,0.46410936947513776,0.47201142489071046
99,1,0.5329558579117647,0.5635340947953221
100,1,0.48612499552845506,0.5075572575284553
101,1,0.5438060131761471,0.5537264376788984
102,1,0.5122684764379564,0.5127084641884061
103,1,0.5476447408278303,0.5668537472712257
104,1,0.4842188916754372,0.5215163624880386
105,1,0.5445961889991954,0.5644492770551073
106,1,0.477769230215278,0.5345420153013704
107,1,0.5453875293944955,0.5412341613364059
108,1,0.5230092097375569,0.5147057277647057
109,1,0.5753566211747573,0.6151331607156864
110,1,0.4908038800898878,0.506491140258192
111,1,0.6108444461818179,0.6279004551376148
112,1,0.5549620426397515,0.5465541053416149
113,1,0.5530593528368795,0.552528519357143
114,1,0.5697147914583333,0.585033082513089
115,1,0.5526405955208332,0.5419983514982574
116,1,0.6108065440403592,0.6199848301548674
117,1,0.5546402234615383,0.5501459575342459
118,1,0.5220974377464788,0.5379536418881121
119,1,0.494873198358209,0.49778431887218055
120,1,0.5295446135977656,0.5633741822346368
121,1,0.4040931933846153,0.5358757152499999
122,1,0.6442117504273507,0.6351251200826445
123,1,0.5528720622258061,0.5439875817677416
124,1,0.6005143156317454,0.584142650012739
125,1,0.6113781284905666,0.6434393791743119
126,1,0.5672449722673799,0.604354745160428
127,2,0.5693432655128206,0.5837353003589743
0,2,0.5332326140131581,0.5826213387333335
1,2,0.49171902541095885,0.5019596796068969
2,2,0.4706233457847222,0.5038415497142856
3,2,0.49403036032967057,0.5607273743956047
4,2,0.511162182777171,0.49743178220993406
5,2,0.5949492667307692,0.6214635932380952
6,2,0.5903054397798506,0.567298231376866
7,2,0.5403231760774836,0.5409139580392157
8,2,0.4888691952963506,0.4889590840027776
9,2,0.5624824439974683,0.5564050308607594
10,2,0.5263020911895264,0.5254843415597018
11,2,0.5356428166294647,0.5640607975625004
12,2,0.557735688425532,0.5366956499732619
13,2,0.4756728858181818,0.5342778399085367
14,2,0.52136458687395,0.5286158197810531
15,2,0.540371644183908,0.5433846579999998
16,2,0.4714977463735634,0.4589089317089144
17,2,0.5001400592857141,0.5281486486742424
18,2,0.508059946712121,0.5181839578989902
19,2,0.4620717707826088,0.49222831411309537
20,2,0.547374847410377,0.5540474970142177
21,2,0.480751128182099,0.5128414151552795
22,2,0.5313755696529765,0.5506772043353296
23,2,0.538829671160221,0.5016520076243094
24,2,0.4469132229545455,0.5134035805172414
25,2,0.540543074069343,0.5664443955386859
26,2,0.47956556269841333,0.5509067935280759
27,2,0.5352797908313256,0.5239324938023256
28,2,0.4715949939950248,0.543111410345
29,2,0.4840010022904763,0.5207080027019233
30,2,0.5958118464936172,0.5742214965982907
31,2,0.5696800176331878,0.573295675957983
32,2,0.4393075807488988,0.44819743822466956
33,2,0.48822474604651167,0.5919167121839081
34,2,0.4940665554444444,0.4975981048044693
35,2,0.514435168411765,0.5435343500065789
36,2,0.5229486217017547,0.4745514730973451
37,2,0.4934902801265824,0.5114097493589745
38,2,0.4594731064036696,0.5046524124074074
39,2,0.4426074929104479,0.48437831390676694
40,2,0.4538136077457628,0.4603874528305084
41,2,0.5183960641340777,0.5756952328729281
42,2,0.5149064625649353,0.5814951480392154
43,2,0.4944848119999998,0.5211857849693251
44,2,0.5463640802786884,0.5258758843278689
45,2,0.5202300908865982,0.586340154848485
46,2,0.49628653070408174,0.5229670850309279
47,2,0.5027408255555555,0.5712113574370372
48,2,0.4773532966666668,0.5128265849999999
49,2,0.43899662263679284,0.4895306999715639
50,2,0.5183717413473452,0.506221173801762
51,2,0.42100369410285726,0.4952566779885057
52,2,0.5158460319890111,0.5205694243370168
53,2,0.44899495051351357,0.4951343393209094
54,2,0.45975178061288907,0.49902766620535716
55,2,0.4649358319107786,0.46546511280855435
56,2,0.5289212502799997,0.5275127013925781
57,2,0.48628350573192747,0.5314893464420419
58,2,0.5494523847546786,0.556505457271063
59,2,0.5066063077943256,0.5241975358689572
60,2,0.597423451023585,0.5984113648564704
61,2,0.5254815359599998,0.5333566217279996
62,2,0.5800061166666667,0.6140794548463417
63,2,0.4848697950982457,0.492993445472641
64,2,0.49716417760069426,0.5165032387595816
65,2,0.51410356315625,0.5607122089687502
66,2,0.4915091006737586,0.5124587685416668
67,2,0.4646685620924856,0.5100125202499998
68,2,0.4378279801152172,0.4388826836571427
69,2,0.5489926608774193,0.5343073166038959
70,2,0.5708567344109591,0.6210921131027395
71,2,0.5401138904430376,0.5480055509316772
72,2,0.6062463830172414,0.5478059334891775
73,2,0.5471537522114539,0.5586723077456144
74,2,0.5779933919266058,0.593516706537037
75,2,0.5899441527931034,0.6076605857093428
76,2,0.5296093465248225,0.5595665088642857
77,2,0.5614944546994538,0.5932849395645161
78,2,0.5861502785256413,0.6078959039354833
79,2,0.5664604050573773,0.5724443933057856
80,2,0.4949743466023162,0.5153224364728681
81,2,0.5344613046130632,0.5164631326975171
82,2,0.5735065456019419,0.5446005982815535
83,2,0.5625353923129253,0.5574924636054425
84,2,0.5327692333834195,0.5733967074479165
85,2,0.5437185574496126,0.5367193384374999
86,2,0.5253887065866668,0.5439746612666669
87,2,0.5605432537654323,0.5707226592670807
88,2,0.5710934814155252,0.5812646081981984
89,2,0.5292455885845412,0.5162337838401936
90,2,0.5340860885376887,0.5313816472828279
91,2,0.5191533150417001,0.5565516374308943
92,2,0.5439658447067311,0.5523881311333337
93,2,0.4725209812994013,0.4726769688149702
94,2,0.5919186553431375,0.5897145941666668
95,2,0.5748305943181818,0.5839309921142856
96,2,0.44967345664021185,0.4829984186507936
97,2,0.4549952399965985,0.47490699869624553
98,2,0.49496724466850817,0.4923057809726776
99,2,0.5377089130581397,0.5556116162280701
100,2,0.46826746097561,0.48537528805691055
101,2,0.5317496568655617,0.5429743492128439
102,2,0.528391784273381,0.5079790893173912
103,2,0.572120660317647,0.5560027878183961
104,2,0.5325624779095239,0.5272430837411488
105,2,0.5510326286134047,0.5659792804543011
106,2,0.43260594641172423,0.5420024364835617
107,2,0.5090444141162036,0.5458115271705067
108,2,0.5239008369198199,0.5222157333846157
109,2,0.5994835101666668,0.6090185548529413
110,2,0.4873924893885712,0.5030262291299432
111,2,0.5779249516822432,0.600429738623853
112,2,0.5522219716956521,0.5536456502795027
113,2,0.5915118052142857,0.5428102250000001
114,2,0.5547086535328124,0.5834652839214663
115,2,0.5458149060555553,0.5458958471080138
116,2,0.622323752378855,0.6100919409557523
117,2,0.5604425164699456,0.5677708474794516
118,2,0.4862463470279721,0.5168490699300703
119,2,0.4627471418059703,0.4972392909548871
120,2,0.5467517820555559,0.5426480897206704
121,2,0.41152458975609757,0.585233667
122,2,0.597692913193277,0.636424895041322
123,2,0.5550993269032257,0.5779619212903226
124,2,0.595062199126984,0.5849975043917199
125,2,0.6556134148272725,0.6276491185688073
126,2,0.5787617244864864,0.6099591623796794
127,3,0.5295293865561227,0.544891852461539
0,3,0.5202004483552631,0.5835017685333335
1,3,0.5022395855650684,0.4748470742275865
2,3,0.5064491636979161,0.48198884835540046
3,3,0.5266846154945056,0.5469441503296707
4,3,0.5023407045657894,0.5113312219072847
5,3,0.5530252899047617,0.623954159142857
6,3,0.5595188851263946,0.5674932737126865
7,3,0.5346055360688312,0.5481329303267977
8,3,0.5031706855527865,0.4923876413347957
9,3,0.5524697962474743,0.5451094607544302
10,3,0.5022586394221107,0.5234835506815917
11,3,0.49565662271614325,0.5431129756785713
12,3,0.5562417856276595,0.560398793657754
13,3,0.5104080346242428,0.5263820056463412
14,3,0.5180385340504204,0.5333123670968423
15,3,0.5398189555468749,0.5534037839653846
16,3,0.4877534222102271,0.5000280909388569
17,3,0.5444832432781956,0.5343470660606064
18,3,0.5200227494472361,0.542091160909091
19,3,0.491468038809524,0.48961976657896833
20,3,0.5719006563619048,0.5633695843270141
21,3,0.4791904754844719,0.5111233336832298
22,3,0.5201821725825299,0.5317357243233533
23,3,0.521326890033708,0.5208824976574584
24,3,0.5136024157831327,0.5026789699999997
25,3,0.5551199481309091,0.5670582123321167
26,3,0.51628476658147,0.5410198646845427
27,3,0.5676792906011565,0.5393494941744187
28,3,0.5066067732296482,0.5668192692650004
29,3,0.4691142425798077,0.5322813515576923
30,3,0.5724762072222221,0.5635070561111111
31,3,0.5694670942857142,0.5749735669915966
32,3,0.45142444559824557,0.4530248404493391
33,3,0.5138664032954547,0.5636543105747126
34,3,0.4706724491666669,0.49881048804469286
35,3,0.5245644502875817,0.5194878836184212
36,3,0.514833084300885,0.5194783092831861
37,3,0.4476416121538462,0.5543712410512824
38,3,0.4368891581400001,0.5165107053981483
39,3,0.4849176952985073,0.48450940189473696
40,3,0.42983762122436986,0.4900069237118644
41,3,0.5298013479444446,0.5606553821215469
42,3,0.5338484657516338,0.5761807763137256
43,3,0.4867379537124997,0.5061202045705526
44,3,0.5248640486557379,0.523634679532787
45,3,0.5139944470860001,0.5780969007070709
46,3,0.45007383739489776,0.5195640646082474
47,3,0.5161295444852942,0.5386412205481483
48,3,0.46352916585714277,0.4827157910000001
49,3,0.46488940956132047,0.4876938341232227
50,3,0.5351267249692985,0.5217715756431719
51,3,0.4291613459942857,0.48945475028735624
52,3,0.5334769812032969,0.5171145548834254
53,3,0.4761978860454545,0.5142610145727271
54,3,0.49185656871999994,0.5146169908660715
55,3,0.5101675725670654,0.4782815819879518
56,3,0.5295819010389106,0.5367858397109379
57,3,0.49445537217514984,0.5292772524324322
58,3,0.5569091614550452,0.5628744441227099
59,3,0.5347679788652481,0.518768589381516
60,3,0.5690942956995307,0.6102860553411764
61,3,0.5390043814654256,0.5348885864773327
62,3,0.5940844202895377,0.6144156104804878
63,3,0.5070447303120567,0.5089541045609155
64,3,0.5080976086979166,0.5143411455400695
65,3,0.5261933156994817,0.5432113630729168
66,3,0.5363320732053847,0.5332830327361111
67,3,0.4894191126184973,0.47469951824069767
68,3,0.46524116511347513,0.45543526860714306
69,3,0.5851058968516127,0.533741566603896
70,3,0.5260279627671232,0.6108383859931511
71,3,0.5522688870123457,0.5471081595031055
72,3,0.5459787977748917,0.5552701867792208
73,3,0.5897403113013105,0.5524796188552634
74,3,0.5421848357798164,0.6069879271851853
75,3,0.572616308157895,0.5902509308961941
76,3,0.5531568616956524,0.5494423197857145
77,3,0.5785677492513369,0.5963671017204297
78,3,0.590659342091503,0.6063576480000001
79,3,0.5332209541,0.5839680701818183
80,3,0.5119515296328123,0.5137683916434113
81,3,0.4964923035600907,0.5231674674356659
82,3,0.5592891906553401,0.5402015521504852
83,3,0.5670758463424658,0.5544995113442175
84,3,0.5516023673367872,0.5604316970833335
85,3,0.5387695864496124,0.5554169050468752
86,3,0.5609395990604026,0.5653263083333335
87,3,0.5909028472974686,0.5799257643291928
88,3,0.5758123555156954,0.5822471264189191
89,3,0.5306921693244552,0.515568622554479
90,3,0.5304110957587943,0.5490383070555557
91,3,0.543764008954918,0.561131857401382
92,3,0.5791176669138758,0.5524078837142858
93,3,0.5010554729879517,0.5159961073083833
94,3,0.5930089633921566,0.5786450667941175
95,3,0.5659846698863639,0.5699035012800001
96,3,0.47334482752631596,0.4541159262010582
97,3,0.4659435947945203,0.48293609081228633
98,3,0.4813020056348314,0.48098407355737716
99,3,0.5541382899127905,0.5608135303508773
100,3,0.4694788824838711,0.47517170674796755
101,3,0.5401498657704785,0.5426564606110088
102,3,0.5316209933211682,0.5086557197898552
103,3,0.545952363058823,0.5536147623136791
104,3,0.5317420876809527,0.5418293038851678
105,3,0.5651401139329758,0.5736774644637092
106,3,0.42335854673605466,0.5370034356095891
107,3,0.5292949673853212,0.5377727875035292
108,3,0.5367260041613637,0.5111272325787333
109,3,0.5805920577058825,0.5968698878333335
110,3,0.5043855096693652,0.5024306691977398
111,3,0.6024435622935781,0.6196965340733945
112,3,0.5497466971880874,0.5494654184161494
113,3,0.5558251209285714,0.5600494403571429
114,3,0.5457702202659573,0.598659952225131
115,3,0.5294753370209061,0.5424379668292681
116,3,0.6117504310792954,0.6185897804424778
117,3,0.5621212512568301,0.5651214587534237
118,3,0.5091672727777777,0.5299573686293707
119,3,0.5162338386923079,0.4995354287067668
120,3,0.4852019531111111,0.5577875722346373
121,3,0.38698922621951215,0.5738398087000001
122,3,0.6189021772131146,0.6379392676033059
123,3,0.5297942207142855,0.5596303198709675
124,3,0.5919567354825391,0.576939844286624
125,3,0.607133524351852,0.6529460644036701
126,3,0.5496148383776593,0.6083558456951871
127,4,0.529468461755102,0.5629765166153848
0,4,0.5541946317105262,0.5693988448666668
1,4,0.48940586816551723,0.5159069730103449
2,4,0.48213896228571446,0.4856855298919859
3,4,0.5206764525,0.5468434130769231
4,4,0.4863581452894737,0.49561937176821186
5,4,0.5826583490476192,0.5961615622857142
6,4,0.5671162166380597,0.5797232324253733
7,4,0.5506596596078432,0.543600722352941
8,4,0.4795392358684213,0.4846047988010236
9,4,0.5225784015252523,0.5505547847822784
10,4,0.5349525214565752,0.533329094738806
11,4,0.5344202330625001,0.5425458848098212
12,4,0.541423898098404,0.5762598749465239
13,4,0.5216764990740742,0.5454103416707315
14,4,0.5400368028354426,0.5338758172821045
15,4,0.5380640527451738,0.5422501520807695
16,4,0.4494529565062856,0.47537279672171456
17,4,0.51619848837594,0.5420585881363639
18,4,0.5220755114747475,0.5542336823737377
19,4,0.4851131272649405,0.48139174926587347
20,4,0.5424769737396228,0.5556401718862558
21,4,0.46274263401242216,0.49494792498695656
22,4,0.5403392684523813,0.5523049070958088
23,4,0.5219918161452517,0.5272534876795578
24,4,0.5030122702272728,0.5041467194482759
25,4,0.5652329014051095,0.5746660983587589
26,4,0.5121073608207546,0.5446706476876972
27,4,0.509970120549133,0.5239367945058141
28,4,0.47952357931,0.580866163575
29,4,0.44079710571428604,0.5268761415576925
30,4,0.5625772961999999,0.5623310969871794
31,4,0.606324708420168,0.5959891447058826
32,4,0.46049282757105264,0.45130321144052865
33,4,0.5496668396590908,0.5695228581609194
34,4,0.4917066284777779,0.4934831142458101
35,4,0.5434553886274515,0.5258863965855264
36,4,0.5046693065454548,0.5199497490619472
37,4,0.4663889607594937,0.520200386923077
38,4,0.42284695650458703,0.5014940743240743
39,4,0.4981666927484851,0.4851210810511277
40,4,0.4782975101271186,0.47088693747457616
41,4,0.5413032625274722,0.5656081046961327
42,4,0.5207957173202615,0.5651855718562089
43,4,0.48048252204268277,0.5045527209509202
44,4,0.5315339983884297,0.5374644615901638
45,4,0.5679936841474748,0.5997481819191921
46,4,0.4984227247346941,0.5198396888969076
47,4,0.5151068830074074,0.5502247358370372
48,4,0.46078229960563377,0.5136147572857143
49,4,0.43315277381818185,0.4456562202037915
50,4,0.49008058009030825,0.5130259505735685
51,4,0.4161222379770112,0.49731203785057443
52,4,0.5374317843076923,0.5351069618563538
53,4,0.4358334340545455,0.4926178579454545
54,4,0.47067283055357106,0.5048413264285715
55,4,0.46642799521868267,0.47195607284759045
56,4,0.5203828377649805,0.5514526348437498
57,4,0.5023960470688624,0.528783420668768
58,4,0.5475528083376152,0.5601825462271061
59,4,0.5126901119976359,0.526292279591706
60,4,0.6091136451294115,0.5951943991082354
61,4,0.5514945619707443,0.5419899284986666
62,4,0.5697395215243903,0.6233421721853655
63,4,0.4806040573650176,0.48832330003204255
64,4,0.49116038652961697,0.5241006686550522
65,4,0.5235406559010417,0.5665816965885416
66,4,0.48868673470344814,0.5186577543055559
67,4,0.4710408659415205,0.486299884651163
68,4,0.437718650697842,0.45427929238142867
69,4,0.5458298168064515,0.5411644332727272
70,4,0.5519599315918369,0.6255633959109586
71,4,0.5360154454633541,0.5682841952173912
72,4,0.5684586595633193,0.5594154537662339
73,4,0.5557705686622805,0.5535061802192983
74,4,0.5444435040000001,0.6282920634259257
75,4,0.5732952122758623,0.5829464947162628
76,4,0.5662743684285714,0.5423352897142858
77,4,0.5551075046270272,0.5935920340860213
78,4,0.5791308118954248,0.6081190383225806
79,4,0.5481331846500003,0.5927039952231408
80,4,0.5146169362548259,0.5106939339379841
81,4,0.5161934385747176,0.5223810736365693
82,4,0.547527580045226,0.5529524804563107
83,4,0.567144892702703,0.5517725801360543
84,4,0.5126633275129533,0.5567098322916667
85,4,0.5369984614687501,0.5350828103906249
86,4,0.5762002807823129,0.5497392146999999
87,4,0.559828086401274,0.5477676383354035
88,4,0.5731246229594598,0.5538133706846846
89,4,0.5216804610434781,0.5306507551089586
90,4,0.5352701192929294,0.540762127651515
91,4,0.5285549163412951,0.560025819025488
92,4,0.5228709451057697,0.5519708567761906
93,4,0.5062685223151516,0.48073148664970056
94,4,0.5954964720000002,0.5970952136764707
95,4,0.5707372777687861,0.5849292244457144
96,4,0.45993601221648955,0.46316745414814836
97,4,0.4637864855836176,0.4756636912730379
98,4,0.4836819311521737,0.4552234713989069
99,4,0.537644973081396,0.5615718917192983
100,4,0.46442625630894324,0.4913496234634146
101,4,0.5373657072380945,0.5476907227522936
102,4,0.48978198419708047,0.5110530221014493
103,4,0.5719397221333329,0.5501168572228771
104,4,0.4963067162238095,0.5221041257416269
105,4,0.5346782773163543,0.5740464090940864
106,4,0.4692225233333335,0.5538313602164384
107,4,0.5513870339009175,0.5458879358571429
108,4,0.5437868175954546,0.5353279910402713
109,4,0.590397132640777,0.5905024444215687
110,4,0.5088484041808992,0.526777534943503
111,4,0.5782807445871558,0.6217537049541286
112,4,0.562193290409938,0.5497729228260867
113,4,0.5689966352142859,0.5617954194285716
114,4,0.5791120524911461,0.5822817802094242
115,4,0.5524169550694445,0.5332016206794423
116,4,0.6236002575330394,0.6150559170752216
117,4,0.5433655988219173,0.5626131369534249
118,4,0.5534115053819443,0.536390437160839
119,4,0.5065049545038167,0.5032099883984964
120,4,0.5343818149888266,0.5633091132681564
121,4,0.41133118284615405,0.5000211080000001
122,4,0.6056906550819675,0.6448491378512395
123,4,0.5693956330448717,0.5690712035483869
124,4,0.5931355208535034,0.5697257183025474
125,4,0.6564162358972728,0.6280805197247706
126,4,0.5692459103675673,0.6050074511229947
127,5,0.5601794511734695,0.5476912016175692
0,5,0.4963213048026318,0.5945874947200002
1,5,0.5087737562876711,0.5057766747413792
2,5,0.5060641452473871,0.5053757688292682
3,5,0.4985220238043482,0.5532039810989011
4,5,0.5061348866462587,0.5192670885033118
5,5,0.6275611725714288,0.6054302245714285
6,5,0.5768093489405206,0.5807728232462683
7,5,0.5368198200657893,0.5332393201882354
8,5,0.5001470798401761,0.48948728039400585
9,5,0.5455311776835442,0.5547711272455692
10,5,0.522947626913433,0.5255409858830845
11,5,0.5124207950714285,0.5596427719732144
12,5,0.5693200562765955,0.5609250811336896
13,5,0.49984023860606064,0.557679911378049
14,5,0.5254239184388184,0.5428122414610522
15,5,0.546711906768199,0.5475788388461542
16,5,0.4633643071818185,0.4780417558302859
17,5,0.4907525256818182,0.526893884280303
18,5,0.5351913387587941,0.5294463156515155
19,5,0.4583736156897238,0.46680982900793677
20,5,0.5875662754433966,0.575938063322275
21,5,0.46120950335185135,0.49131980601242237
22,5,0.5443849419702381,0.5603554620119758
23,5,0.5257468043888888,0.5077385354972378
24,5,0.46489769806818154,0.510356312183908
25,5,0.545866621949091,0.5623440521105844
26,5,0.5104488892672955,0.5476211605268143
27,5,0.535570278186047,0.5425585596104653
28,5,0.4585860471250002,0.5687398934100001
29,5,0.49052510525294113,0.5094242537259616
30,5,0.5642689238212768,0.5656280123440172
31,5,0.5829658130292887,0.5698261615546223
32,5,0.4609074708139036,0.45960990455947115
33,5,0.5361436611363638,0.5533409996551726
34,5,0.46210813858757066,0.5007101983743015
35,5,0.5128261463202616,0.5291734782697366
36,5,0.4725503740350879,0.497453675
37,5,0.4933802402564106,0.5198755244871796
38,5,0.4485092250917432,0.49862637487962963
39,5,0.5202130615373137,0.47853433765413533
40,5,0.4388522128559326,0.43868095416949154
41,5,0.5234749974444441,0.5521923146961322
42,5,0.5321535974025975,0.5710848427189543
43,5,0.5290376239751555,0.5231739955337422
44,5,0.4945729141311476,0.5522192526557379
45,5,0.572097169234694,0.5919629981818183
46,5,0.5175842609560443,0.5142876065773198
47,5,0.5612646216296303,0.5728318014370372
48,5,0.4057673592428571,0.5183809888571429
49,5,0.43028859989952406,0.48187108659715633
50,5,0.5190647473026319,0.5293016233039646
51,5,0.43981588967999985,0.49153914132183885
52,5,0.5510029286555559,0.5306038090994475
53,5,0.43349380209009003,0.48976414886363645
54,5,0.4623583323348413,0.5090734048839286
55,5,0.4421678468192774,0.42640191922891574
56,5,0.5335101675725489,0.5114364708867187
57,5,0.49454425705855865,0.5309746993963964
58,5,0.5535944304661791,0.5595047072161168
59,5,0.5163066220685584,0.5100452442274882
60,5,0.599806595491765,0.6025750732235299
61,5,0.5237455661542552,0.5482243077680002
62,5,0.5511565372195124,0.6236771310487801
63,5,0.47753375300140827,0.4944604603702111
64,5,0.5067946412673611,0.49203337089198623
65,5,0.5018379508860106,0.5663764435260416
66,5,0.4880153413103446,0.5371675104166669
67,5,0.4832481679209302,0.4980296245697676
68,5,0.4354718375390069,0.44853563347000003
69,5,0.5209165848235299,0.5369967031428572
70,5,0.5333018547945204,0.6094070579452054
71,5,0.5212022356499998,0.5463599074881985
72,5,0.5817428624137936,0.5665770470346321
73,5,0.5721921469868996,0.5486730213771931
74,5,0.5438239049541284,0.6110821614814812
75,5,0.5818382831379312,0.5904359405328713
76,5,0.5242143060000001,0.5429274089214285
77,5,0.5794076420855614,0.5823108444086023
78,5,0.5870893753205126,0.5950361681290325
79,5,0.5459268418500002,0.5842190014876035
80,5,0.480591984771318,0.49669683811627907
81,5,0.5256270950166672,0.5158707131896169
82,5,0.5169461212647062,0.5589554424548543
83,5,0.5551800505839416,0.5595221584353742
84,5,0.5566621361052632,0.56049714925
85,5,0.520732440635659,0.5372567517578125
86,5,0.5410547566666669,0.5598477477000005
87,5,0.5745007496419754,0.5460941883229815
88,5,0.5755426940807173,0.576413318828829
89,5,0.5494340214734296,0.5336456124721545
90,5,0.49744182131313186,0.531325463191919
91,5,0.5252760226502041,0.5568396334989432
92,5,0.5694609648578196,0.546581930028571
93,5,0.4970903724464288,0.4841423335317368
94,5,0.5766358694634147,0.5732374425735292
95,5,0.5612701445454547,0.5754073764800001
96,5,0.44937370843386226,0.45714622173544966
97,5,0.4685396106723549,0.46678213799999996
98,5,0.4807013019402174,0.4560595365573772
99,5,0.511042693176471,0.5825312311754386
100,5,0.4819864868306448,0.510093018390244
101,5,0.5341659252036693,0.5410823739266061
102,5,0.5231718585797104,0.5059296231666668
103,5,0.5321649173788235,0.5588250054339619
104,5,0.47760471551428607,0.5324116124688997
105,5,0.5428462763981232,0.568576236752688
106,5,0.4510531148982671,0.5241696638516922
107,5,0.5324922840642201,0.5451893271880186
108,5,0.5364171829276013,0.5207012737873301
109,5,0.5684670307961168,0.5915308059215689
110,5,0.5028400527134833,0.5122069720881357
111,5,0.5920300979090908,0.5847905392660552
112,5,0.5524828551702784,0.5627819797826084
113,5,0.5492305073913041,0.5577757865000003
114,5,0.5529805470312501,0.5851088367015708
115,5,0.5219850323216781,0.541726970383275
116,5,0.6310831468281938,0.6143686964159295
117,5,0.5465542633643833,0.5614723976109588
118,5,0.5350066885138888,0.535093577062937
119,5,0.49106419443283594,0.501877225894737
120,5,0.5463509670333333,0.5455212081005587
121,5,0.37261202594871795,0.561823547075
122,5,0.6093750050819674,0.61958399446281
123,5,0.5264798482352943,0.53868449116129
124,5,0.6101400083492059,0.5945163578757963
125,5,0.5815454420000001,0.6143151435596333
126,5,0.6051492016276595,0.5924604039625667
127,6,0.5415095693367349,0.5669647023846152
0,6,0.4791790531578948,0.6037659515466667
1,6,0.5118974159178084,0.4960362324448279
2,6,0.5143682974510487,0.49895008226480814
3,6,0.5495298246739132,0.5238500969230769
4,6,0.48756337211920514,0.4986965669271521
5,6,0.6019360912380954,0.6141530811428568
6,6,0.5342652166455223,0.5833990123134323
7,6,0.5509020513725493,0.5456031203516344
8,6,0.4807671136100736,0.4891404074195908
9,6,0.5531580505580804,0.5559104033620252
10,6,0.5311643350224435,0.5254412186567162
11,6,0.516915571345292,0.5298066453589283
12,6,0.5474107708918914,0.5590553091229948
13,6,0.5314469272363633,0.5361936719512195
14,6,0.5223061037763718,0.538817135962105
15,6,0.573085327692308,0.5480126546538462
16,6,0.45682286423735596,0.46387380972171394
17,6,0.5133080998646621,0.5202461872727273
18,6,0.5181533413567837,0.5520057141868691
19,6,0.4786525851893281,0.46646947082142864
20,6,0.5682233190144231,0.5686258267440758
21,6,0.4734029148347824,0.47754033774347826
22,6,0.5399307898143709,0.5574704486826346
23,6,0.5733171013736263,0.5361922009944753
24,6,0.4936596605681819,0.4993285736321838
25,6,0.5168198910255474,0.572676139717153
26,6,0.5121946526888893,0.5458781294763413
27,6,0.5041819247441864,0.5219769227267446
28,6,0.49652891628499957,0.549316635025
29,6,0.4824486732142858,0.5182096160576924
30,6,0.5568418136810348,0.5632563872393163
31,6,0.5928530744769873,0.6062839466974791
32,6,0.4395410271754386,0.4448025461894274
33,6,0.5443185594252874,0.5896607616091954
34,6,0.4977599838111113,0.4986397531843577
35,6,0.5008857473825505,0.5290058224539472
36,6,0.5188405527192983,0.4762034808495575
37,6,0.47829181452054803,0.5301314376538465
38,6,0.43148521463302764,0.522402350462963
39,6,0.45221870422985055,0.4719077853293233
40,6,0.42919991035086197,0.4368288419745763
41,6,0.5008283235911601,0.5704450757790055
42,6,0.5333222610526319,0.558077114836601
43,6,0.5180146132743904,0.5179975632392643
44,6,0.5337713027235772,0.5376994454426229
45,6,0.5654532445252523,0.6119406063636366
46,6,0.49634079647959206,0.4900687020515463
47,6,0.5331909286666667,0.5577652666666667
48,6,0.39118613031884064,0.5015064855714285
49,6,0.443830883523223,0.44110882663033196
50,6,0.5024699433039646,0.5144960587599119
51,6,0.42084426843428574,0.48815638603448264
52,6,0.5120953764615384,0.5130903474972376
53,6,0.46335754058828826,0.4869769099636363
54,6,0.5048401035288885,0.5085478207142856
55,6,0.4599865409958084,0.4578275900361444
56,6,0.5116293392280153,0.5605678213281251
57,6,0.5174159616736528,0.5250708527357357
58,6,0.5431434796782445,0.5513119349824179
59,6,0.5070075305781993,0.5186921148957343
60,6,0.5901423308243908,0.6047125709529408
61,6,0.5284538247898933,0.5366197592613331
62,6,0.5798380189682152,0.6220215009682923
63,6,0.49312076585,0.5099243413380283
64,6,0.5019408021258741,0.5120179666445999
65,6,0.5354012940984457,0.5534485672499999
66,6,0.5099002316666664,0.5246123357291667
67,6,0.4836018237167631,0.48322731104651157
68,6,0.4569796786376811,0.4583353259000003
69,6,0.5833783983112585,0.56209075974026
70,6,0.5715781391241377,0.6313978984520547
71,6,0.5390593515555555,0.5425330117080743
72,6,0.5505942115826088,0.5366556284502165
73,6,0.5377862020833333,0.5590455534210527
74,6,0.5867661143669725,0.5767650937592592
75,6,0.5808859228263888,0.5738514587543254
76,6,0.5410300293571427,0.5736425132857143
77,6,0.5628414027043012,0.5850346236021505
78,6,0.5688619403205124,0.5781370638064514
79,6,0.5500014509917357,0.582402427223141
80,6,0.5317009455791505,0.49934511251937996
81,6,0.5148210453257914,0.521311362189616
82,6,0.4920528837748792,0.5189771096213591
83,6,0.5463576579391892,0.5759803367346938
84,6,0.5541389890414508,0.5702220978750004
85,6,0.5158447798527132,0.5126520761171877
86,6,0.5697131845364243,0.5831053940666667
87,6,0.562099024819876,0.5830808635031056
88,6,0.6050113017040357,0.5656970287567571
89,6,0.5428747420461166,0.5273422802251816
90,6,0.5282048995125626,0.541541280121212
91,6,0.5805382190946283,0.5814285132333327
92,6,0.531394837932692,0.5503084022476188
93,6,0.5009272995903618,0.4928202693952094
94,6,0.5314105217365852,0.5827597210784311
95,6,0.5266854087714282,0.5910297232799997
96,6,0.4576944531276592,0.45149109234391527
97,6,0.4669705120409553,0.48114590097952237
98,6,0.45996477119565227,0.47791580835519115
99,6,0.5413256868128654,0.5823822437719299
100,6,0.4626019330967742,0.4779464887479677
101,6,0.565623654557798,0.5421612854532101
102,6,0.48922480334615376,0.5039338550289854
103,6,0.5715047104823523,0.5548040454863207
104,6,0.5136083163428573,0.5130471123253588
105,6,0.5710468427081079,0.5665024016865587
106,6,0.45364892053819467,0.5418504477753426
107,6,0.5360444484212965,0.5444609490064517
108,6,0.5464258415159811,0.5399968343018099
109,6,0.5556139056796118,0.5852502277352941
110,6,0.48079005690395477,0.5078188727338984
111,6,0.6044029755045872,0.6065931565137616
112,6,0.5461072652639747,0.5573120256521737
113,6,0.550562707801418,0.5459060730000002
114,6,0.5699482941578126,0.6001272425130891
115,6,0.5346571100489509,0.538106503031359
116,6,0.6101857340624995,0.6384251608407082
117,6,0.5392169718278688,0.5595040158164379
118,6,0.49045957538888885,0.5433209920279717
119,6,0.4621733552537315,0.5053572363609022
120,6,0.519471523752809,0.5668230301340781
121,6,0.447345461025641,0.4887058325
122,6,0.6029362404166668,0.6540790837190084
123,6,0.5796571512179487,0.5500571495483868
124,6,0.5670209549522289,0.5788589254458596
125,6,0.5975761604629631,0.6330431963761469
126,6,0.5624464430106383,0.5928880090855613
127,7,0.531122687877551,0.5641633086153843
0,7,0.5273397551973685,0.5849443365333333
1,7,0.49704393115410983,0.5317277059034484
2,7,0.49720456709824556,0.4956455717613241
3,7,0.5262018622826088,0.5650962700000002
4,7,0.5037805481721854,0.5037645977152315
5,7,0.6183074629807693,0.636458985047619
6,7,0.5959138703159855,0.564993174440299
7,7,0.5195683943421052,0.5374633155555554
8,7,0.5067094101476619,0.4903384597374277
9,7,0.5377157684035534,0.559035615848101
10,7,0.5030820915538848,0.5352524501592039
11,7,0.5202563342901788,0.5503050390401791
12,7,0.53578329684492,0.5505617848074866
13,7,0.5124913767177914,0.5476525899756093
14,7,0.5199611224180671,0.5402591416336843
15,7,0.5539084583230772,0.5347158745846154
16,7,0.48080651302840915,0.4604513928114284
17,7,0.5095176558778626,0.5076686205378788
18,7,0.4986107289447234,0.5152363066717173
19,7,0.4705660092351779,0.46488307678174584
20,7,0.5804348293317536,0.5696355072322273
21,7,0.49696965301552787,0.48089061498757774
22,7,0.5779567067692771,0.55747927902994
23,7,0.5157297848901098,0.5075948576243094
24,7,0.4784613957386363,0.4864312485632182
25,7,0.5489584940472731,0.5861454182846717
26,7,0.47798461571608825,0.5340745648895896
27,7,0.49498572144508685,0.5292433559244185
28,7,0.46127909376268683,0.5695269483950005
29,7,0.4430930278142861,0.5167095202596155
30,7,0.5702613139021275,0.5691390387179488
31,7,0.571015400690377,0.5916442685042017
32,7,0.42684749108407105,0.46922326529955954
33,7,0.5122041210227273,0.5992830356321843
34,7,0.48041492742222214,0.4890335073463686
35,7,0.531038141699346,0.535273386
36,7,0.5263877828141591,0.5119630366548674
37,7,0.46177593064935074,0.5376237197435897
38,7,0.44648943710091743,0.5101923328703704
39,7,0.510677741328358,0.4658877155015038
40,7,0.47241992193965515,0.45111361238983066
41,7,0.5130616972777778,0.5666939707513813
42,7,0.5316685228701299,0.5725923099346407
43,7,0.4705616854695124,0.4964467587484663
44,7,0.5129196610163935,0.5603833472868854
45,7,0.5283698225000002,0.6113405960202022
46,7,0.5251299861157894,0.49940598534226804
47,7,0.5385285188970587,0.5593445197777781
48,7,0.44111815071428584,0.5095208277571427
49,7,0.4275470960516587,0.45383835924170646
50,7,0.5177219640398231,0.5141534779436121
51,7,0.4520315213275864,0.5016999375862065
52,7,0.5481086945303871,0.5312227525248622
53,7,0.44001543701851853,0.49378957533636375
54,7,0.4887322438681817,0.5191933217589287
55,7,0.4399412652379518,0.45916245570795206
56,7,0.49435228648828106,0.522852058253906
57,7,0.4577252299910181,0.5311986933033039
58,7,0.554374635125275,0.5613671048864468
59,7,0.5292671925938243,0.5165713392796204
60,7,0.5943470960426537,0.593358946574118
61,7,0.5234375701347712,0.5282073812826663
62,7,0.5893039068150852,0.6148406962439021
63,7,0.5083551659964913,0.4862660311795779
64,7,0.5223551142049468,0.5184620742996516
65,7,0.5412300804559583,0.5448955126093747
66,7,0.5085596368275865,0.5348530032083334
67,7,0.5008163989595374,0.4799087765290693
68,7,0.4502270645326239,0.46980973394285713
69,7,0.5701762546168828,0.5392588268993507
70,7,0.565578717442177,0.6053208749020548
71,7,0.5511821671761001,0.54569554712795
72,7,0.549060589800866,0.5668963824848487
73,7,0.5887159645414849,0.5774028921491229
74,7,0.5578128246296293,0.6003643017870371
75,7,0.5777805446275864,0.593199240484429
76,7,0.5695314738992808,0.548493826857143
77,7,0.6011256599459464,0.5658451313440861
78,7,0.585121676346154,0.6051841779354837
79,7,0.5098683256885249,0.5857821011157027
80,7,0.5106938954651161,0.5193755967596898
81,7,0.5083002517511311,0.5163466041467274
82,7,0.5333293552682926,0.5344245927330095
83,7,0.5680877114864864,0.5512137275102039
84,7,0.5830375911684215,0.5541902545052083
85,7,0.493412802578125,0.5427101823437499
86,7,0.5360184444039736,0.5464287519666666
87,7,0.5660167132716052,0.5684621125465841
88,7,0.5734282291479822,0.569909927846847
89,7,0.5354170127699752,0.5284074678861986
90,7,0.5223829484170857,0.5359110161010101
91,7,0.5254986326356277,0.5466447683414636
92,7,0.5396783830805688,0.5460460668714289
93,7,0.4976924019761905,0.519008531844311
94,7,0.6047921636633661,0.5814175654705883
95,7,0.5668553254829546,0.5843453122228572
96,7,0.4443693150212768,0.46014808799470897
97,7,0.49246600518707473,0.4781626434334467
98,7,0.4841316142076504,0.454570397568306
99,7,0.5291933757848837,0.5675936295906433
100,7,0.46060443440495885,0.4789419818699186
101,7,0.5448250576477055,0.5436921410220183
102,7,0.5498833461323529,0.49904161813043485
103,7,0.5464590372264151,0.5554671319622644
104,7,0.5153456661100483,0.5142382160526316
105,7,0.5607676407796243,0.5737946876962363
106,7,0.42657180011564666,0.5247506269082196
107,7,0.5295447264507904,0.5369540269354837
108,7,0.5424008367886364,0.5230799171764704
109,7,0.5749560950009709,0.5826605173431375
110,7,0.44968887827528065,0.4923063594067798
111,7,0.5415949865137614,0.6135710229357801
112,7,0.5636446049164083,0.5642368863354038
113,7,0.5524162270714287,0.5577435041428571
114,7,0.5926714724255318,0.5967227293193716
115,7,0.5419955730851066,0.5361148435714288
116,7,0.6441048517444937,0.6110528739026553
117,7,0.5614264143661201,0.5562567547945205
118,7,0.5369017392167833,0.5330612004895103
119,7,0.5016748156390982,0.504425877669173
120,7,0.5512899061944448,0.554414898469274
121,7,0.40015207721951224,0.5263399280000003
122,7,0.6101070416393445,0.6393030944628101
123,7,0.5582607048064516,0.5500567716129032
124,7,0.5831378711428568,0.5889523674267517
125,7,0.6257979823084114,0.6277269792477067
126,7,0.5772253328138299,0.608045171117647
127,8,0.5343338693717283,0.5530273524358978
0,8,0.5059403609333336,0.5671385056133337
1,8,0.4867334607465753,0.48570053102758615
2,8,0.4926513313819446,0.5061070273554008
3,8,0.5136112048314608,0.5399945193406592
4,8,0.48765438956375845,0.48412085638410607
5,8,0.6202695134905658,0.625212779619048
6,8,0.5882706050373134,0.5687402744216415
7,8,0.5173359549019606,0.5385503218300652
8,8,0.4924800310359234,0.4970245467441522
9,8,0.5402700092708863,0.5628078578683543
10,8,0.5103146640771142,0.5288185915049748
11,8,0.5128982185111115,0.5285298155427677
12,8,0.5183126703967214,0.5503481080374331
13,8,0.5209291564634145,0.5553772528048783
14,8,0.5076254971814346,0.5381493183157896
15,8,0.5391967125287356,0.5259524658076924
16,8,0.47290389466306804,0.49123228817748577
17,8,0.5150102884090909,0.5070383201136364
18,8,0.5215859278140705,0.5391696941616163
19,8,0.4774154775786564,0.4808224460535713
20,8,0.5798570972169812,0.56402211635545
21,8,0.4632807469641509,0.47351344358695635
22,8,0.5548988959702379,0.5370488796407188
23,8,0.5357969677197804,0.5225709368508288
24,8,0.5038730640697673,0.48845844673563216
25,8,0.5263123328228783,0.561179053492701
26,8,0.50963836931962,0.5581912363123025
27,8,0.5444547816746987,0.522287139784884
28,8,0.4644361789195981,0.5573311311750002
29,8,0.4640392794038458,0.5166726711250001
30,8,0.5580679975574465,0.5628446612777777
31,8,0.5756649321086961,0.5941389799159661
32,8,0.444625095867257,0.4517381017242292
33,8,0.5007184915909091,0.5670925211494253
34,8,0.4851181150847458,0.49096011642458115
35,8,0.496000454980392,0.5527881167500002
36,8,0.49022895963716795,0.5182788124513276
37,8,0.45412189379746803,0.536554261923077
38,8,0.3994431673207547,0.5062548744046297
39,8,0.458118769977612,0.47005382213383456
40,8,0.48161010421186456,0.44729602466101687
41,8,0.5503833999666663,0.5293508875138123
42,8,0.5208542377333333,0.5720507074248364
43,8,0.5076622293963416,0.49965795900613497
44,8,0.5237287328644069,0.5686406908606557
45,8,0.5707946444040404,0.591891418888889
46,8,0.5272927681340207,0.4905356596329899
47,8,0.5464861843382351,0.5430734476296297
48,8,0.44633813328985505,0.48473691289999987
49,8,0.46740215320379125,0.4631586601232228
50,8,0.5274391653766819,0.5131548063171808
51,8,0.44616159734857147,0.4946606375574715
52,8,0.5617528630607731,0.5355345917900551
53,8,0.4789810457727271,0.5138014692727275
54,8,0.46881320717040326,0.5107541567946433
55,8,0.46992299771727253,0.4638346887307228
56,8,0.5168226752529183,0.5213086435550779
57,8,0.4860820747507503,0.5232335820450448
58,8,0.5467061585878902,0.5568322434304032
59,8,0.513022439484834,0.5148872060490512
60,8,0.5991106403802817,0.588196142452941
61,8,0.5173894439866665,0.5528932259466662
62,8,0.5496328946019651,0.6273789638268291
63,8,0.46660959834448407,0.5218187240045776
64,8,0.49158972171328685,0.5230707082717768
65,8,0.5401464053367877,0.5586764691927083
66,8,0.4652374872689655,0.521583738201389
67,8,0.5026317631063588,0.4737438608662792
68,8,0.4486724220070923,0.4510957637571428
69,8,0.5377396878441558,0.5474085266298699
70,8,0.5042687724246578,0.627062084109589
71,8,0.5352063450925928,0.5369158265068324
72,8,0.5663948461135371,0.5650027087878788
73,8,0.5730889091965068,0.5445462664035089
74,8,0.5595862569444443,0.608914772222222
75,8,0.573905356228373,0.5869260069723182
76,8,0.5581157468794327,0.5584182154285712
77,8,0.5800829245967745,0.591109458172043
78,8,0.6058980545512824,0.6031310293548384
79,8,0.5581315758833332,0.5870832909173553
80,8,0.5027663667248063,0.504684128472868
81,8,0.5164428355480813,0.513749432218962
82,8,0.5663490632195121,0.5430991946699031
83,8,0.5781473055782311,0.5786624411836736
84,8,0.5744936506217612,0.5576769816875002
85,8,0.49504049921600013,0.5367305525781251
86,8,0.5249327074172186,0.5627213186933332
87,8,0.5956671972,0.552060861385093
88,8,0.5813194154189186,0.5786332871711708
89,8,0.5346350697796606,0.5196736546803871
90,8,0.5323145565909092,0.5246512079696969
91,8,0.5127513965012294,0.5430817753658536
92,8,0.5285437734761909,0.5647813640952382
93,8,0.4915932239518072,0.5025492305988027
94,8,0.5664077172189055,0.574274944882353
95,8,0.5719036481249999,0.5753279213600001
96,8,0.45852199719315806,0.45052148683068777
97,8,0.448436593289116,0.4767827259249149
98,8,0.46459375148913046,0.47831808886885246
99,8,0.5402663827325583,0.563169508538012
100,8,0.4699748234677418,0.5136903459756097
101,8,0.5236982208495413,0.5327190174201835
102,8,0.5148584358905108,0.5405574640579709
103,8,0.5502083877261902,0.5714416612264149
104,8,0.537197678430622,0.5110573284545457
105,8,0.5585644252091155,0.5662927799999997
106,8,0.46087536901360565,0.5140523063712332
107,8,0.5276158017715599,0.5211849961442399
108,8,0.5148507605608106,0.5331257265701358
109,8,0.5720542742843141,0.6141548612647062
110,8,0.48961572320617963,0.4856446586999996
111,8,0.6038753453211009,0.6272555579816514
112,8,0.5759856505279506,0.5540501517701858
113,8,0.5330381397375886,0.5546091136428574
114,8,0.5827873559322915,0.5828224809685862
115,8,0.5434603762152781,0.5473483350174219
116,8,0.6275437480616746,0.62347021420354
117,8,0.5516726374316943,0.5495955725369863
118,8,0.4996615571328673,0.5130645552027976
119,8,0.4766168103759397,0.5073554225563909
120,8,0.5059628023333331,0.5467219910055872
121,8,0.3821258673684211,0.5317695336500001
122,8,0.6214201472950819,0.6294617225619834
123,8,0.5453969912666664,0.5472238416774197
124,8,0.5924311939140127,0.5767846113789806
125,8,0.6099115954636363,0.6358909480366973
126,8,0.5777285565638299,0.6018541029465241
127,9,0.5317798849183675,0.5477003647179487
0,9,0.5331758940789474,0.5933679769333337
1,9,0.46594760567123267,0.5195090951034482
2,9,0.4793963893811187,0.4828961843449477
3,9,0.5050755543478261,0.5593599908791208
4,9,0.4668911823824343,0.5175325068874171
5,9,0.5901023906666669,0.6114025587619047
6,9,0.5666521699358488,0.578376387018657
7,9,0.5218393068506494,0.5307724810457517
8,9,0.48760005672767215,0.49309362505409426
9,9,0.5443783610127224,0.5498257454050631
10,9,0.5438772926119403,0.5300464794626866
11,9,0.5178810262825113,0.5462302081785716
12,9,0.5505139899361703,0.5501474465721925
13,9,0.49783126296969665,0.5173541694634145
14,9,0.5325680661050417,0.5361150264294736
15,9,0.53953937525,0.5481687413346154
16,9,0.4576661778107953,0.47154215162491403
17,9,0.515335546854962,0.5178596570833333
18,9,0.5242987346969695,0.5291339553535354
19,9,0.4669220589486163,0.48735652174007915
20,9,0.570479604556604,0.5617228075473932
21,9,0.5078715010432098,0.49086694095776406
22,9,0.5234080953253014,0.5215728847904192
23,9,0.5041766712637366,0.5137778649723757
24,9,0.5029351282954542,0.45333327477011487
25,9,0.5358744471490905,0.5636863684317517
26,9,0.4952185759018989,0.554855997905363
27,9,0.5065537090982657,0.5378310684883725
28,9,0.49355147445771136,0.5525135923599999
29,9,0.4541584743269231,0.5188943361201923
30,9,0.571168190854701,0.5690772544658119
31,9,0.5697037392677827,0.5839337642436977
32,9,0.4504506268684209,0.45266997505726864
33,9,0.5428985423750001,0.5987810362068965
34,9,0.4809337728426963,0.48530216170949775
35,9,0.48336793788235316,0.5352329736907894
36,9,0.5246263921929827,0.5097959002238939
37,9,0.46898890115384606,0.5147397585128208
38,9,0.4287535012897195,0.511233830376852
39,9,0.48075566922238827,0.46615968360751886
40,9,0.4477085847791304,0.423814776440678
41,9,0.5384380023093925,0.5729339111049724
42,9,0.5410771229411767,0.578980923124183
43,9,0.5234855321304349,0.49988345852760724
44,9,0.514010316090164,0.5327654348688525
45,9,0.5138206112121213,0.6032298124242426
46,9,0.4763762120806122,0.5225286509793815
47,9,0.5243322939264705,0.5584481911111109
48,9,0.41704845994285716,0.4887761197857142
49,9,0.4760086310152378,0.4702035605308057
50,9,0.5047413000789474,0.5157881307973565
51,9,0.44460114847058824,0.4934130352068965
52,9,0.5129242291428572,0.5194561405574589
53,9,0.4174507328518519,0.4846381013000001
54,9,0.45914992005882393,0.5125639997589282
55,9,0.512463947056024,0.44652531584337346
56,9,0.5100948799945096,0.5454177803496093
57,9,0.5061390204461074,0.5351575908468468
58,9,0.5540534678863468,0.5587364270879113
59,9,0.5013106071650718,0.5100959407109006
60,9,0.6027343865492959,0.605433679487059
61,9,0.5191347350106663,0.5448723639093329
62,9,0.5836482365571771,0.6180188547268292
63,9,0.4805285110468311,0.5013635138014086
64,9,0.5079081435505228,0.5090653194076655
65,9,0.507132212890625,0.5635587679166664
66,9,0.465425950097222,0.5454467763958334
67,9,0.5146902117930234,0.493359858322093
68,9,0.4404824782624113,0.4534470753857142
69,9,0.554515724894737,0.5562501845649352
70,9,0.5364842768299326,0.6294616801712332
71,9,0.5332881786888892,0.5441917537888199
72,9,0.5621905977965366,0.5529649845670999
73,9,0.572527761784141,0.5761054836403507
74,9,0.5525808810091742,0.6123497942592593
75,9,0.563389353423611,0.582387993806228
76,9,0.5453944593971629,0.5295663484285715
77,9,0.5590978184117645,0.5847356795698924
78,9,0.5546911683333337,0.6161228637419354
79,9,0.5538826595630254,0.6062059382892564
80,9,0.5450794859652509,0.4963811457984495
81,9,0.5269285365225234,0.5226431073950336
82,9,0.5705243208786406,0.5476183701262134
83,9,0.5810558591836734,0.5607514721904762
84,9,0.5252046287668395,0.5759792241145839
85,9,0.5145266735703126,0.5302079127656252
86,9,0.55966724704698,0.5609920809066669
87,9,0.5637927834113923,0.5744161420496893
88,9,0.5750316702714935,0.5844884780270269
89,9,0.508694954864734,0.5225477112203388
90,9,0.5430941393434345,0.5361906177070712
91,9,0.5353498906692312,0.5582608115813007
92,9,0.5555848478199049,0.5505963266809524
93,9,0.4817960859886905,0.497008814254491
94,9,0.5701460879215688,0.5752578376960785
95,9,0.5721509615142855,0.5845938402628568
96,9,0.471680866375263,0.45956018721164005
97,9,0.4850834553061226,0.49056527159044366
98,9,0.4882636363715849,0.4860434148251362
99,9,0.551117588046784,0.5610979762280703
100,9,0.4693271053934424,0.5066494274796749
101,9,0.5491319698571431,0.5422620682128442
102,9,0.493500405388489,0.5245834684347828
103,9,0.5698732205391926,0.5562831908018868
104,9,0.5051590177971017,0.5182786246842106
105,9,0.565348707750677,0.5709069005403224
106,9,0.4326041101224489,0.5062754110657536
107,9,0.5456044186699073,0.568399005529954
108,9,0.5200842120783783,0.5371524058511312
109,9,0.5804691570873789,0.621039123421569
110,9,0.5028851598587208,0.5029999426762711
111,9,0.6021605105454547,0.606161720642202
112,9,0.5615989798637767,0.5548200907763974
113,9,0.50697617775,0.5609344112857142
114,9,0.5807023192670162,0.5899374263848169
115,9,0.5284807393205577,0.5503440633797909
116,9,0.6383995522466959,0.6197626033849561
117,9,0.5352216721506848,0.559592559336986
118,9,0.5175984898251745,0.549792977062937
119,9,0.49133769765151464,0.49555300316541345
120,9,0.5135295208277776,0.5528070105363128
121,9,0.40714629825,0.53453066725
122,9,0.6095688955833335,0.6102710575206611
123,9,0.5145353736363637,0.5448975038387097
124,9,0.5678759548012818,0.5766555774490443
125,9,0.5847035840654208,0.6060457013761471
126,9,0.5945403973936172,0.5838694588502674
127,10,0.5858076958461537,0.5533893793948719
0,10,0.5344984693421051,0.5920262358133335
1,10,0.5230383728835619,0.5229427723586207
2,10,0.49961944004878006,0.5040075354425085
3,10,0.5188600360227271,0.5545830400000001
4,10,0.4712101714779996,0.510151821847682
5,10,0.6093486576190473,0.6213252310476189
6,10,0.5816414627203064,0.5646959730970148
7,10,0.5283258708441558,0.527801159738562
8,10,0.48325372801900596,0.4864632950904975
9,10,0.5647107942878787,0.5558610806658233
10,10,0.526660512052239,0.5229586493034825
11,10,0.53512552835426,0.5389904912544643
12,10,0.525579671088298,0.5666347053101602
13,10,0.5208219618545457,0.5422336166768295
14,10,0.4956270860652629,0.5486739105810521
15,10,0.5430744942490421,0.5440547079365384
16,10,0.45987464134090933,0.4764778132151997
17,10,0.47090379751879724,0.5104227174242426
18,10,0.5164403684170853,0.5288829394696971
19,10,0.47726332892094864,0.4875241169722221
20,10,0.587102225990476,0.5572697982511847
21,10,0.5193266643291929,0.4996938622298136
22,10,0.5214523699761907,0.5545411107964072
23,10,0.5362447314285719,0.5089501555801105
24,10,0.48058615954545475,0.469245795402299
25,10,0.5204137004889703,0.548263024160584
26,10,0.4930143295174604,0.5524446414321762
27,10,0.504619759649123,0.5389128431976746
28,10,0.5071891636616919,0.5611168373750006
29,10,0.48291684583142847,0.5307321009615383
30,10,0.5829821526153851,0.5758450018803418
31,10,0.5888303651046028,0.5963230628991596
32,10,0.4675472681427313,0.4556074737356828
33,10,0.511180357727273,0.5642777491954024
34,10,0.46157533364444436,0.472604635083799
35,10,0.5078878029605262,0.510291897125
36,10,0.49572691383928574,0.53739064640708
37,10,0.457087635063291,0.541903302789744
38,10,0.42948446782568805,0.519064899450926
39,10,0.4969238390267176,0.4972786597368423
40,10,0.434476591144068,0.45487467542372856
41,10,0.5565451107865166,0.5633652450828729
42,10,0.5168598084480519,0.585153963882353
43,10,0.4958103835670729,0.5169260030981593
44,10,0.5499834277723575,0.543610245434426
45,10,0.5455277719000001,0.6041120445959597
46,10,0.49767512173958345,0.530300254515464
47,10,0.5523140480370375,0.5564049403703708
48,10,0.47492315155882364,0.5153254411428569
49,10,0.4663030951599054,0.4395566020203793
50,10,0.47745285528125,0.5229180033832599
51,10,0.4318726598399999,0.4946598192011497
52,10,0.5467231867280218,0.5245236791712709
53,10,0.4664899689639639,0.5123640438390908
54,10,0.47202228321511114,0.5070862298392862
55,10,0.4847798281393938,0.46901242120614467
56,10,0.5094307628486383,0.5268594044843746
57,10,0.5118816990628743,0.5416653181486482
58,10,0.5585088629341862,0.5537740170769233
59,10,0.5062142502624111,0.5163454862132699
60,10,0.5917505282042252,0.5979790421882353
61,10,0.5292015538271281,0.5365616611279996
62,10,0.5617215327682926,0.6123919518292684
63,10,0.49481068029539044,0.4968759396982398
64,10,0.49900895104529597,0.49748442234494783
65,10,0.5378252518730156,0.5681720659062498
66,10,0.48820653884027787,0.5233806541388891
67,10,0.503420858661272,0.4912739697517443
68,10,0.4290946594184398,0.45551419233642854
69,10,0.5202306800387098,0.548404599077922
70,10,0.5565353209523808,0.605045766931507
71,10,0.5282139349750004,0.5487255428571427
72,10,0.5591023546768559,0.5532246314458874
73,10,0.5713858512663755,0.5619848134210526
74,10,0.5711206889541285,0.6020882069444445
75,10,0.584912614806897,0.5992139253771631
76,10,0.5486699549503543,0.5500160162857145
77,10,0.5771659948387097,0.5794155135483868
78,10,0.6223537530322583,0.5990482032903227
79,10,0.5485886336147537,0.587254831157025
80,10,0.5220888036563709,0.511764711410853
81,10,0.5045160360099102,0.5192773058735889
82,10,0.5296781959420289,0.5395917088058251
83,10,0.5362393037972971,0.5752728063945578
84,10,0.5560811728534032,0.5665239268281249
85,10,0.5005367385193795,0.5306595022265629
86,10,0.5354356352649008,0.55049762756
87,10,0.5421133237901233,0.5727970766770187
88,10,0.5904638205405406,0.578975250900901
89,10,0.5028833434077669,0.5233164057457627
90,10,0.5598725164619289,0.5353935424747475
91,10,0.5376695009485831,0.5596661890813007
92,10,0.5545515756411484,0.5510922178142855
93,10,0.4835909997678567,0.49644564286227555
94,10,0.6133996106435644,0.5993521931372552
95,10,0.5981808993181814,0.6007196676228571
96,10,0.41225357128342255,0.46387624459418014
97,10,0.4854658177629252,0.45844034319795224
98,10,0.4622602412010869,0.4720106160109288
99,10,0.5395619971929823,0.5627992869005848
100,10,0.46889392415322584,0.5046942652032519
101,10,0.5410038344935781,0.5549361329247703
102,10,0.5410145052246376,0.505439740905797
103,10,0.5625944470378251,0.5625621744150937
104,10,0.528966620985366,0.5237643204593299
105,10,0.5320331637927614,0.5713916613494618
106,10,0.44931546790884364,0.5231034601547949
107,10,0.5371109711052632,0.553005133576037
108,10,0.5328941760873873,0.5307747617420816
109,10,0.5747282531165051,0.5783295077647058
110,10,0.5180792715762711,0.5160416250096044
111,10,0.5969550685321102,0.6087451629908256
112,10,0.5664643804440995,0.555433967173913
113,10,0.5644982339007093,0.5634793084432146
114,10,0.5601753646354167,0.589907240790576
115,10,0.5444155789547037,0.5446695888257838
116,10,0.6376819941592915,0.6276807357964606
117,10,0.5587935815519122,0.5636874493424662
118,10,0.5451897757986113,0.5625324418181816
119,10,0.45194243096992476,0.49317666616541334
120,10,0.5443929333146067,0.5613933431620113
121,10,0.37046887955555546,0.5153100692500001
122,10,0.6045533532231406,0.6477470467768595
123,10,0.5448462670512818,0.5475228420645158
124,10,0.5563157931682541,0.5606378111592355
125,10,0.5763753908333336,0.6039955706238536
126,10,0.602275654032258,0.5870999412085564
127,10,0.5295301306581633,0.554600542441026
